product,segment,market_status,category,feature,support,qualification,source_ids
Cozi,direct,active,IDENTITY / HOUSEHOLD,account creation,Y,Source-backed support in the reviewed product/support evidence.,S001;S002;S003
Cozi,direct,active,IDENTITY / HOUSEHOLD,households/families,Y,Source-backed support in the reviewed product/support evidence.,S001;S002;S003
Cozi,direct,active,IDENTITY / HOUSEHOLD,multiple households,X,Explicit product limitation or negative support in the cited evidence.,S001;S002;S003
Cozi,direct,active,IDENTITY / HOUSEHOLD,household switching,X,Explicit product limitation or negative support in the cited evidence.,S001;S002;S003
Cozi,direct,active,IDENTITY / HOUSEHOLD,invitations,P,"Partial, paywalled, role-limited, adjacent, or narrower than the requested feature.",S001;S002;S003
Cozi,direct,active,IDENTITY / HOUSEHOLD,adults,Y,Source-backed support in the reviewed product/support evidence.,S001;S002;S003
Cozi,direct,active,IDENTITY / HOUSEHOLD,children,Y,Source-backed support in the reviewed product/support evidence.,S001;S002;S003
Cozi,direct,active,IDENTITY / HOUSEHOLD,child accounts,P,"Partial, paywalled, role-limited, adjacent, or narrower than the requested feature.",S001;S002;S003
Cozi,direct,active,IDENTITY / HOUSEHOLD,users without login,U,Not established by the reviewed evidence; not an absence claim.,S001;S002;S003
Cozi,direct,active,IDENTITY / HOUSEHOLD,grandparents,P,"Partial, paywalled, role-limited, adjacent, or narrower than the requested feature.",S001;S002;S003
Cozi,direct,active,IDENTITY / HOUSEHOLD,babysitters,P,"Partial, paywalled, role-limited, adjacent, or narrower than the requested feature.",S001;S002;S003
Cozi,direct,active,IDENTITY / HOUSEHOLD,caregivers,P,"Partial, paywalled, role-limited, adjacent, or narrower than the requested feature.",S001;S002;S003
Cozi,direct,active,IDENTITY / HOUSEHOLD,guests,U,Not established by the reviewed evidence; not an absence claim.,S001;S002;S003
Cozi,direct,active,IDENTITY / HOUSEHOLD,roles,X,Explicit product limitation or negative support in the cited evidence.,S001;S002;S003
Cozi,direct,active,IDENTITY / HOUSEHOLD,granular permissions,X,Explicit product limitation or negative support in the cited evidence.,S001;S002;S003
Cozi,direct,active,IDENTITY / HOUSEHOLD,household ownership,U,Not established by the reviewed evidence; not an absence claim.,S001;S002;S003
Cozi,direct,active,IDENTITY / HOUSEHOLD,transferring ownership,U,Not established by the reviewed evidence; not an absence claim.,S001;S002;S003
Cozi,direct,active,TASKS / CHORES,one-off tasks,Y,Source-backed support in the reviewed product/support evidence.,S001;S002;S003
Cozi,direct,active,TASKS / CHORES,recurring tasks,P,"Partial, paywalled, role-limited, adjacent, or narrower than the requested feature.",S001;S002;S003
Cozi,direct,active,TASKS / CHORES,assignments,Y,Source-backed support in the reviewed product/support evidence.,S001;S002;S003
Cozi,direct,active,TASKS / CHORES,multiple assignees,U,Not established by the reviewed evidence; not an absence claim.,S001;S002;S003
Cozi,direct,active,TASKS / CHORES,due dates,Y,Source-backed support in the reviewed product/support evidence.,S001;S002;S003
Cozi,direct,active,TASKS / CHORES,reminders,Y,Source-backed support in the reviewed product/support evidence.,S001;S002;S003
Cozi,direct,active,TASKS / CHORES,recurrence patterns,P,"Partial, paywalled, role-limited, adjacent, or narrower than the requested feature.",S001;S002;S003
Cozi,direct,active,TASKS / CHORES,task templates,U,Not established by the reviewed evidence; not an absence claim.,S001;S002;S003
Cozi,direct,active,TASKS / CHORES,chore rotation,U,Not established by the reviewed evidence; not an absence claim.,S001;S002;S003
Cozi,direct,active,TASKS / CHORES,points/rewards,U,Not established by the reviewed evidence; not an absence claim.,S001;S002;S003
Cozi,direct,active,TASKS / CHORES,approval/completion confirmation,U,Not established by the reviewed evidence; not an absence claim.,S001;S002;S003
Cozi,direct,active,TASKS / CHORES,child-oriented chores,P,"Partial, paywalled, role-limited, adjacent, or narrower than the requested feature.",S001;S002;S003
Cozi,direct,active,TASKS / CHORES,task history,P,"Partial, paywalled, role-limited, adjacent, or narrower than the requested feature.",S001;S002;S003
Cozi,direct,active,ROUTINES,morning/evening routines,U,Not established by the reviewed evidence; not an absence claim.,S001;S002;S003
Cozi,direct,active,ROUTINES,recurring household routines,P,"Partial, paywalled, role-limited, adjacent, or narrower than the requested feature.",S001;S002;S003
Cozi,direct,active,ROUTINES,checklists,P,"Partial, paywalled, role-limited, adjacent, or narrower than the requested feature.",S001;S002;S003
Cozi,direct,active,ROUTINES,sequential routines,U,Not established by the reviewed evidence; not an absence claim.,S001;S002;S003
Cozi,direct,active,ROUTINES,reusable routine templates,U,Not established by the reviewed evidence; not an absence claim.,S001;S002;S003
Cozi,direct,active,ROUTINES,household automation,U,Not established by the reviewed evidence; not an absence claim.,S001;S002;S003
Cozi,direct,active,CALENDAR,shared calendar,Y,Source-backed support in the reviewed product/support evidence.,S001;S002;S003
Cozi,direct,active,CALENDAR,personal calendars,P,"Partial, paywalled, role-limited, adjacent, or narrower than the requested feature.",S001;S002;S003
Cozi,direct,active,CALENDAR,household events,Y,Source-backed support in the reviewed product/support evidence.,S001;S002;S003
Cozi,direct,active,CALENDAR,recurring events,Y,Source-backed support in the reviewed product/support evidence.,S001;S002;S003
Cozi,direct,active,CALENDAR,calendar reminders,Y,Source-backed support in the reviewed product/support evidence.,S001;S002;S003
Cozi,direct,active,CALENDAR,external calendar sync,P,"Partial, paywalled, role-limited, adjacent, or narrower than the requested feature.",S001;S002;S003
Cozi,direct,active,CALENDAR,Google Calendar,P,"Partial, paywalled, role-limited, adjacent, or narrower than the requested feature.",S001;S002;S003
Cozi,direct,active,CALENDAR,Apple Calendar,P,"Partial, paywalled, role-limited, adjacent, or narrower than the requested feature.",S001;S002;S003
Cozi,direct,active,CALENDAR,Outlook,P,"Partial, paywalled, role-limited, adjacent, or narrower than the requested feature.",S001;S002;S003
Cozi,direct,active,CALENDAR,school schedules,P,"Partial, paywalled, role-limited, adjacent, or narrower than the requested feature.",S001;S002;S003
Cozi,direct,active,CALENDAR,pickup/dropoff,P,"Partial, paywalled, role-limited, adjacent, or narrower than the requested feature.",S001;S002;S003
Cozi,direct,active,CALENDAR,event assignments,P,"Partial, paywalled, role-limited, adjacent, or narrower than the requested feature.",S001;S002;S003
Cozi,direct,active,CALENDAR,RSVP,U,Not established by the reviewed evidence; not an absence claim.,S001;S002;S003
Cozi,direct,active,CALENDAR,event location,U,Not established by the reviewed evidence; not an absence claim.,S001;S002;S003
Cozi,direct,active,CALENDAR,attachments/notes,Y,Source-backed support in the reviewed product/support evidence.,S001;S002;S003
Cozi,direct,active,TODAY / DASHBOARD,daily overview,Y,Source-backed support in the reviewed product/support evidence.,S001;S002;S003
Cozi,direct,active,TODAY / DASHBOARD,personalized view,P,"Partial, paywalled, role-limited, adjacent, or narrower than the requested feature.",S001;S002;S003
Cozi,direct,active,TODAY / DASHBOARD,household-wide view,Y,Source-backed support in the reviewed product/support evidence.,S001;S002;S003
Cozi,direct,active,TODAY / DASHBOARD,overdue tasks,P,"Partial, paywalled, role-limited, adjacent, or narrower than the requested feature.",S001;S002;S003
Cozi,direct,active,TODAY / DASHBOARD,upcoming events,Y,Source-backed support in the reviewed product/support evidence.,S001;S002;S003
Cozi,direct,active,TODAY / DASHBOARD,shopping needs,P,"Partial, paywalled, role-limited, adjacent, or narrower than the requested feature.",S001;S002;S003
Cozi,direct,active,TODAY / DASHBOARD,dashboard reminders,Y,Source-backed support in the reviewed product/support evidence.,S001;S002;S003
Cozi,direct,active,TODAY / DASHBOARD,proactive suggestions,P,"Partial, paywalled, role-limited, adjacent, or narrower than the requested feature.",S001;S002;S003
Cozi,direct,active,TODAY / DASHBOARD,priority logic,U,Not established by the reviewed evidence; not an absence claim.,S001;S002;S003
Cozi,direct,active,SHOPPING,multiple lists,Y,Source-backed support in the reviewed product/support evidence.,S001;S002;S003
Cozi,direct,active,SHOPPING,realtime collaboration,Y,Source-backed support in the reviewed product/support evidence.,S001;S002;S003
Cozi,direct,active,SHOPPING,shopping assignment,P,"Partial, paywalled, role-limited, adjacent, or narrower than the requested feature.",S001;S002;S003
Cozi,direct,active,SHOPPING,categories,P,"Partial, paywalled, role-limited, adjacent, or narrower than the requested feature.",S001;S002;S003
Cozi,direct,active,SHOPPING,recurring purchases,U,Not established by the reviewed evidence; not an absence claim.,S001;S002;S003
Cozi,direct,active,SHOPPING,shopping history,U,Not established by the reviewed evidence; not an absence claim.,S001;S002;S003
Cozi,direct,active,SHOPPING,grocery-specific behavior,Y,Source-backed support in the reviewed product/support evidence.,S001;S002;S003
Cozi,direct,active,SHOPPING,barcode/scanning,U,Not established by the reviewed evidence; not an absence claim.,S001;S002;S003
Cozi,direct,active,SHOPPING,store organization,U,Not established by the reviewed evidence; not an absence claim.,S001;S002;S003
Cozi,direct,active,SHOPPING,intelligent suggestions,P,"Partial, paywalled, role-limited, adjacent, or narrower than the requested feature.",S001;S002;S003
Cozi,direct,active,MEALS,meal planning,Y,Source-backed support in the reviewed product/support evidence.,S001;S002;S003
Cozi,direct,active,MEALS,recipes,Y,Source-backed support in the reviewed product/support evidence.,S001;S002;S003
Cozi,direct,active,MEALS,shopping integration,Y,Source-backed support in the reviewed product/support evidence.,S001;S002;S003
Cozi,direct,active,MEALS,recurring meals,U,Not established by the reviewed evidence; not an absence claim.,S001;S002;S003
Cozi,direct,active,MEALS,dietary preferences,U,Not established by the reviewed evidence; not an absence claim.,S001;S002;S003
Cozi,direct,active,EXPENSES,shared expenses,U,Not established by the reviewed evidence; not an absence claim.,S001;S002;S003
Cozi,direct,active,EXPENSES,reimbursements,U,Not established by the reviewed evidence; not an absence claim.,S001;S002;S003
Cozi,direct,active,EXPENSES,household budgets,U,Not established by the reviewed evidence; not an absence claim.,S001;S002;S003
Cozi,direct,active,EXPENSES,recurring bills,U,Not established by the reviewed evidence; not an absence claim.,S001;S002;S003
Cozi,direct,active,EXPENSES,payment integration,U,Not established by the reviewed evidence; not an absence claim.,S001;S002;S003
Cozi,direct,active,EXPENSES,receipt handling,U,Not established by the reviewed evidence; not an absence claim.,S001;S002;S003
Cozi,direct,active,HOME MAINTENANCE,maintenance tasks,U,Not established by the reviewed evidence; not an absence claim.,S001;S002;S003
Cozi,direct,active,HOME MAINTENANCE,maintenance schedules,U,Not established by the reviewed evidence; not an absence claim.,S001;S002;S003
Cozi,direct,active,HOME MAINTENANCE,assets/appliances,U,Not established by the reviewed evidence; not an absence claim.,S001;S002;S003
Cozi,direct,active,HOME MAINTENANCE,warranties,U,Not established by the reviewed evidence; not an absence claim.,S001;S002;S003
Cozi,direct,active,HOME MAINTENANCE,documents,U,Not established by the reviewed evidence; not an absence claim.,S001;S002;S003
Cozi,direct,active,HOME MAINTENANCE,service history,U,Not established by the reviewed evidence; not an absence claim.,S001;S002;S003
Cozi,direct,active,HOME MAINTENANCE,contractors,U,Not established by the reviewed evidence; not an absence claim.,S001;S002;S003
Cozi,direct,active,HOME MAINTENANCE,recurring maintenance reminders,U,Not established by the reviewed evidence; not an absence claim.,S001;S002;S003
Cozi,direct,active,COMMUNICATION,household chat,U,Not established by the reviewed evidence; not an absence claim.,S001;S002;S003
Cozi,direct,active,COMMUNICATION,comments,U,Not established by the reviewed evidence; not an absence claim.,S001;S002;S003
Cozi,direct,active,COMMUNICATION,task comments,U,Not established by the reviewed evidence; not an absence claim.,S001;S002;S003
Cozi,direct,active,COMMUNICATION,announcements,P,"Partial, paywalled, role-limited, adjacent, or narrower than the requested feature.",S001;S002;S003
Cozi,direct,active,COMMUNICATION,notifications,Y,Source-backed support in the reviewed product/support evidence.,S001;S002;S003
Cozi,direct,active,COMMUNICATION,push notifications,Y,Source-backed support in the reviewed product/support evidence.,S001;S002;S003
Cozi,direct,active,COMMUNICATION,email,Y,Source-backed support in the reviewed product/support evidence.,S001;S002;S003
Cozi,direct,active,COMMUNICATION,activity feed,U,Not established by the reviewed evidence; not an absence claim.,S001;S002;S003
Cozi,direct,active,CHILD / FAMILY LOGISTICS,school,P,"Partial, paywalled, role-limited, adjacent, or narrower than the requested feature.",S001;S002;S003
Cozi,direct,active,CHILD / FAMILY LOGISTICS,custody/co-parenting,U,Not established by the reviewed evidence; not an absence claim.,S001;S002;S003
Cozi,direct,active,CHILD / FAMILY LOGISTICS,family pickup/dropoff,P,"Partial, paywalled, role-limited, adjacent, or narrower than the requested feature.",S001;S002;S003
Cozi,direct,active,CHILD / FAMILY LOGISTICS,sports,P,"Partial, paywalled, role-limited, adjacent, or narrower than the requested feature.",S001;S002;S003
Cozi,direct,active,CHILD / FAMILY LOGISTICS,daycare,P,"Partial, paywalled, role-limited, adjacent, or narrower than the requested feature.",S001;S002;S003
Cozi,direct,active,CHILD / FAMILY LOGISTICS,medication reminders,U,Not established by the reviewed evidence; not an absence claim.,S001;S002;S003
Cozi,direct,active,CHILD / FAMILY LOGISTICS,child permissions,U,Not established by the reviewed evidence; not an absence claim.,S001;S002;S003
Cozi,direct,active,CHILD / FAMILY LOGISTICS,family caregivers,P,"Partial, paywalled, role-limited, adjacent, or narrower than the requested feature.",S001;S002;S003
Cozi,direct,active,CONNECTION BETWEEN HOUSEHOLDS,household-to-household connections,U,Not established by the reviewed evidence; not an absence claim.,S001;S002;S003
Cozi,direct,active,CONNECTION BETWEEN HOUSEHOLDS,family friends,U,Not established by the reviewed evidence; not an absence claim.,S001;S002;S003
Cozi,direct,active,CONNECTION BETWEEN HOUSEHOLDS,relatives,U,Not established by the reviewed evidence; not an absence claim.,S001;S002;S003
Cozi,direct,active,CONNECTION BETWEEN HOUSEHOLDS,neighbours,U,Not established by the reviewed evidence; not an absence claim.,S001;S002;S003
Cozi,direct,active,CONNECTION BETWEEN HOUSEHOLDS,trusted household networks,U,Not established by the reviewed evidence; not an absence claim.,S001;S002;S003
Cozi,direct,active,CONNECTION BETWEEN HOUSEHOLDS,shared events between households,U,Not established by the reviewed evidence; not an absence claim.,S001;S002;S003
Cozi,direct,active,CONNECTION BETWEEN HOUSEHOLDS,shared childcare,U,Not established by the reviewed evidence; not an absence claim.,S001;S002;S003
Cozi,direct,active,CONNECTION BETWEEN HOUSEHOLDS,shared shopping/tasks,U,Not established by the reviewed evidence; not an absence claim.,S001;S002;S003
Cozi,direct,active,CONNECTION BETWEEN HOUSEHOLDS,discovery,U,Not established by the reviewed evidence; not an absence claim.,S001;S002;S003
Cozi,direct,active,CONNECTION BETWEEN HOUSEHOLDS,public/private household profiles,U,Not established by the reviewed evidence; not an absence claim.,S001;S002;S003
Cozi,direct,active,AI / AUTOMATION,AI planning,P,Meal-planning only; general household AI planning was not established.,S001
Cozi,direct,active,AI / AUTOMATION,natural-language task creation,U,Not established by the reviewed evidence; not an absence claim.,S001
Cozi,direct,active,AI / AUTOMATION,automatic scheduling,U,Not established by the reviewed evidence; not an absence claim.,S001
Cozi,direct,active,AI / AUTOMATION,recurring rule generation,U,Not established by the reviewed evidence; not an absence claim.,S001
Cozi,direct,active,AI / AUTOMATION,proactive reminders,U,Not established by the reviewed evidence; not an absence claim.,S001
Cozi,direct,active,AI / AUTOMATION,workload balancing,U,Not established by the reviewed evidence; not an absence claim.,S001
Cozi,direct,active,AI / AUTOMATION,meal suggestions,Y,AI Recipe Creator and preference/schedule-aware AI Meal Planner are directly described.,S001
Cozi,direct,active,AI / AUTOMATION,shopping suggestions,U,Not established by the reviewed evidence; not an absence claim.,S001
Cozi,direct,active,AI / AUTOMATION,household summaries,U,Not established by the reviewed evidence; not an absence claim.,S001
Cozi,direct,active,AI / AUTOMATION,conflict detection,U,Not established by the reviewed evidence; not an absence claim.,S001
FamilyWall,direct,active,IDENTITY / HOUSEHOLD,account creation,Y,Source-backed support in the reviewed product/support evidence.,S007;S088
FamilyWall,direct,active,IDENTITY / HOUSEHOLD,households/families,Y,Source-backed support in the reviewed product/support evidence.,S007;S088
FamilyWall,direct,active,IDENTITY / HOUSEHOLD,multiple households,P,"Partial, paywalled, role-limited, adjacent, or narrower than the requested feature.",S007;S088
FamilyWall,direct,active,IDENTITY / HOUSEHOLD,household switching,P,"Partial, paywalled, role-limited, adjacent, or narrower than the requested feature.",S007;S088
FamilyWall,direct,active,IDENTITY / HOUSEHOLD,invitations,Y,Source-backed support in the reviewed product/support evidence.,S007;S088
FamilyWall,direct,active,IDENTITY / HOUSEHOLD,adults,Y,Source-backed support in the reviewed product/support evidence.,S007;S088
FamilyWall,direct,active,IDENTITY / HOUSEHOLD,children,Y,Source-backed support in the reviewed product/support evidence.,S007;S088
FamilyWall,direct,active,IDENTITY / HOUSEHOLD,child accounts,Y,A dedicated no-email child account with login/password is directly documented.,S007;S088
FamilyWall,direct,active,IDENTITY / HOUSEHOLD,users without login,X,"A no-email child still receives login/password, so credentialless membership is explicitly not this model.",S007;S088
FamilyWall,direct,active,IDENTITY / HOUSEHOLD,grandparents,P,"Partial, paywalled, role-limited, adjacent, or narrower than the requested feature.",S007;S088
FamilyWall,direct,active,IDENTITY / HOUSEHOLD,babysitters,P,"Partial, paywalled, role-limited, adjacent, or narrower than the requested feature.",S007;S088
FamilyWall,direct,active,IDENTITY / HOUSEHOLD,caregivers,P,"Partial, paywalled, role-limited, adjacent, or narrower than the requested feature.",S007;S088
FamilyWall,direct,active,IDENTITY / HOUSEHOLD,guests,P,"Partial, paywalled, role-limited, adjacent, or narrower than the requested feature.",S007;S088
FamilyWall,direct,active,IDENTITY / HOUSEHOLD,roles,Y,"Founder, Administrator and simple-member distinctions are directly documented.",S007;S088
FamilyWall,direct,active,IDENTITY / HOUSEHOLD,granular permissions,P,"Partial, paywalled, role-limited, adjacent, or narrower than the requested feature.",S007;S088
FamilyWall,direct,active,IDENTITY / HOUSEHOLD,household ownership,Y,Source-backed support in the reviewed product/support evidence.,S007;S088
FamilyWall,direct,active,IDENTITY / HOUSEHOLD,transferring ownership,U,Not established by the reviewed evidence; not an absence claim.,S007;S088
FamilyWall,direct,active,TASKS / CHORES,one-off tasks,Y,Source-backed support in the reviewed product/support evidence.,S005;S006;S007;S008;S088
FamilyWall,direct,active,TASKS / CHORES,recurring tasks,P,"Partial, paywalled, role-limited, adjacent, or narrower than the requested feature.",S005;S006;S007;S008;S088
FamilyWall,direct,active,TASKS / CHORES,assignments,Y,Source-backed support in the reviewed product/support evidence.,S005;S006;S007;S008;S088
FamilyWall,direct,active,TASKS / CHORES,multiple assignees,P,"Partial, paywalled, role-limited, adjacent, or narrower than the requested feature.",S005;S006;S007;S008;S088
FamilyWall,direct,active,TASKS / CHORES,due dates,Y,Source-backed support in the reviewed product/support evidence.,S005;S006;S007;S008;S088
FamilyWall,direct,active,TASKS / CHORES,reminders,Y,Source-backed support in the reviewed product/support evidence.,S005;S006;S007;S008;S088
FamilyWall,direct,active,TASKS / CHORES,recurrence patterns,P,"Partial, paywalled, role-limited, adjacent, or narrower than the requested feature.",S005;S006;S007;S008;S088
FamilyWall,direct,active,TASKS / CHORES,task templates,U,Not established by the reviewed evidence; not an absence claim.,S005;S006;S007;S008;S088
FamilyWall,direct,active,TASKS / CHORES,chore rotation,U,Not established by the reviewed evidence; not an absence claim.,S005;S006;S007;S008;S088
FamilyWall,direct,active,TASKS / CHORES,points/rewards,U,Not established by the reviewed evidence; not an absence claim.,S005;S006;S007;S008;S088
FamilyWall,direct,active,TASKS / CHORES,approval/completion confirmation,U,Not established by the reviewed evidence; not an absence claim.,S005;S006;S007;S008;S088
FamilyWall,direct,active,TASKS / CHORES,child-oriented chores,P,"Partial, paywalled, role-limited, adjacent, or narrower than the requested feature.",S005;S006;S007;S008;S088
FamilyWall,direct,active,TASKS / CHORES,task history,P,"Partial, paywalled, role-limited, adjacent, or narrower than the requested feature.",S005;S006;S007;S008;S088
FamilyWall,direct,active,ROUTINES,morning/evening routines,U,Not established by the reviewed evidence; not an absence claim.,S005;S006;S007;S008;S088
FamilyWall,direct,active,ROUTINES,recurring household routines,P,"Partial, paywalled, role-limited, adjacent, or narrower than the requested feature.",S005;S006;S007;S008;S088
FamilyWall,direct,active,ROUTINES,checklists,P,"Partial, paywalled, role-limited, adjacent, or narrower than the requested feature.",S005;S006;S007;S008;S088
FamilyWall,direct,active,ROUTINES,sequential routines,U,Not established by the reviewed evidence; not an absence claim.,S005;S006;S007;S008;S088
FamilyWall,direct,active,ROUTINES,reusable routine templates,P,"Partial, paywalled, role-limited, adjacent, or narrower than the requested feature.",S005;S006;S007;S008;S088
FamilyWall,direct,active,ROUTINES,household automation,U,Not established by the reviewed evidence; not an absence claim.,S005;S006;S007;S008;S088
FamilyWall,direct,active,CALENDAR,shared calendar,Y,Source-backed support in the reviewed product/support evidence.,S005;S006;S007;S008;S088
FamilyWall,direct,active,CALENDAR,personal calendars,Y,Source-backed support in the reviewed product/support evidence.,S005;S006;S007;S008;S088
FamilyWall,direct,active,CALENDAR,household events,Y,Source-backed support in the reviewed product/support evidence.,S005;S006;S007;S008;S088
FamilyWall,direct,active,CALENDAR,recurring events,Y,Source-backed support in the reviewed product/support evidence.,S005;S006;S007;S008;S088
FamilyWall,direct,active,CALENDAR,calendar reminders,Y,Source-backed support in the reviewed product/support evidence.,S005;S006;S007;S008;S088
FamilyWall,direct,active,CALENDAR,external calendar sync,Y,Source-backed support in the reviewed product/support evidence.,S005;S006;S007;S008;S088
FamilyWall,direct,active,CALENDAR,Google Calendar,Y,Source-backed support in the reviewed product/support evidence.,S005;S006;S007;S008;S088
FamilyWall,direct,active,CALENDAR,Apple Calendar,Y,Source-backed support in the reviewed product/support evidence.,S005;S006;S007;S008;S088
FamilyWall,direct,active,CALENDAR,Outlook,Y,Source-backed support in the reviewed product/support evidence.,S005;S006;S007;S008;S088
FamilyWall,direct,active,CALENDAR,school schedules,P,"Partial, paywalled, role-limited, adjacent, or narrower than the requested feature.",S005;S006;S007;S008;S088
FamilyWall,direct,active,CALENDAR,pickup/dropoff,P,"Partial, paywalled, role-limited, adjacent, or narrower than the requested feature.",S005;S006;S007;S008;S088
FamilyWall,direct,active,CALENDAR,event assignments,P,"Partial, paywalled, role-limited, adjacent, or narrower than the requested feature.",S005;S006;S007;S008;S088
FamilyWall,direct,active,CALENDAR,RSVP,P,"Partial, paywalled, role-limited, adjacent, or narrower than the requested feature.",S005;S006;S007;S008;S088
FamilyWall,direct,active,CALENDAR,event location,P,"Partial, paywalled, role-limited, adjacent, or narrower than the requested feature.",S005;S006;S007;S008;S088
FamilyWall,direct,active,CALENDAR,attachments/notes,Y,Source-backed support in the reviewed product/support evidence.,S005;S006;S007;S008;S088
FamilyWall,direct,active,TODAY / DASHBOARD,daily overview,Y,Source-backed support in the reviewed product/support evidence.,S005;S006;S007;S008;S088
FamilyWall,direct,active,TODAY / DASHBOARD,personalized view,Y,Source-backed support in the reviewed product/support evidence.,S005;S006;S007;S008;S088
FamilyWall,direct,active,TODAY / DASHBOARD,household-wide view,Y,Source-backed support in the reviewed product/support evidence.,S005;S006;S007;S008;S088
FamilyWall,direct,active,TODAY / DASHBOARD,overdue tasks,P,"Partial, paywalled, role-limited, adjacent, or narrower than the requested feature.",S005;S006;S007;S008;S088
FamilyWall,direct,active,TODAY / DASHBOARD,upcoming events,Y,Source-backed support in the reviewed product/support evidence.,S005;S006;S007;S008;S088
FamilyWall,direct,active,TODAY / DASHBOARD,shopping needs,Y,Source-backed support in the reviewed product/support evidence.,S005;S006;S007;S008;S088
FamilyWall,direct,active,TODAY / DASHBOARD,dashboard reminders,Y,Source-backed support in the reviewed product/support evidence.,S005;S006;S007;S008;S088
FamilyWall,direct,active,TODAY / DASHBOARD,proactive suggestions,U,Not established by the reviewed evidence; not an absence claim.,S005;S006;S007;S008;S088
FamilyWall,direct,active,TODAY / DASHBOARD,priority logic,P,"Partial, paywalled, role-limited, adjacent, or narrower than the requested feature.",S005;S006;S007;S008;S088
FamilyWall,direct,active,SHOPPING,multiple lists,Y,Source-backed support in the reviewed product/support evidence.,S005;S006;S007;S008;S088
FamilyWall,direct,active,SHOPPING,realtime collaboration,Y,Source-backed support in the reviewed product/support evidence.,S005;S006;S007;S008;S088
FamilyWall,direct,active,SHOPPING,shopping assignment,P,"Partial, paywalled, role-limited, adjacent, or narrower than the requested feature.",S005;S006;S007;S008;S088
FamilyWall,direct,active,SHOPPING,categories,Y,Source-backed support in the reviewed product/support evidence.,S005;S006;S007;S008;S088
FamilyWall,direct,active,SHOPPING,recurring purchases,P,"Partial, paywalled, role-limited, adjacent, or narrower than the requested feature.",S005;S006;S007;S008;S088
FamilyWall,direct,active,SHOPPING,shopping history,P,"Partial, paywalled, role-limited, adjacent, or narrower than the requested feature.",S005;S006;S007;S008;S088
FamilyWall,direct,active,SHOPPING,grocery-specific behavior,Y,Source-backed support in the reviewed product/support evidence.,S005;S006;S007;S008;S088
FamilyWall,direct,active,SHOPPING,barcode/scanning,U,Not established by the reviewed evidence; not an absence claim.,S005;S006;S007;S008;S088
FamilyWall,direct,active,SHOPPING,store organization,P,"Partial, paywalled, role-limited, adjacent, or narrower than the requested feature.",S005;S006;S007;S008;S088
FamilyWall,direct,active,SHOPPING,intelligent suggestions,P,"Partial, paywalled, role-limited, adjacent, or narrower than the requested feature.",S005;S006;S007;S008;S088
FamilyWall,direct,active,MEALS,meal planning,Y,Source-backed support in the reviewed product/support evidence.,S005;S006;S007;S008;S088
FamilyWall,direct,active,MEALS,recipes,Y,Source-backed support in the reviewed product/support evidence.,S005;S006;S007;S008;S088
FamilyWall,direct,active,MEALS,shopping integration,Y,Source-backed support in the reviewed product/support evidence.,S005;S006;S007;S008;S088
FamilyWall,direct,active,MEALS,recurring meals,P,"Partial, paywalled, role-limited, adjacent, or narrower than the requested feature.",S005;S006;S007;S008;S088
FamilyWall,direct,active,MEALS,dietary preferences,P,"Partial, paywalled, role-limited, adjacent, or narrower than the requested feature.",S005;S006;S007;S008;S088
FamilyWall,direct,active,EXPENSES,shared expenses,Y,Source-backed support in the reviewed product/support evidence.,S005;S006;S007;S008;S088
FamilyWall,direct,active,EXPENSES,reimbursements,P,"Partial, paywalled, role-limited, adjacent, or narrower than the requested feature.",S005;S006;S007;S008;S088
FamilyWall,direct,active,EXPENSES,household budgets,Y,Source-backed support in the reviewed product/support evidence.,S005;S006;S007;S008;S088
FamilyWall,direct,active,EXPENSES,recurring bills,P,"Partial, paywalled, role-limited, adjacent, or narrower than the requested feature.",S005;S006;S007;S008;S088
FamilyWall,direct,active,EXPENSES,payment integration,U,Not established by the reviewed evidence; not an absence claim.,S005;S006;S007;S008;S088
FamilyWall,direct,active,EXPENSES,receipt handling,P,"Partial, paywalled, role-limited, adjacent, or narrower than the requested feature.",S005;S006;S007;S008;S088
FamilyWall,direct,active,HOME MAINTENANCE,maintenance tasks,U,Not established by the reviewed evidence; not an absence claim.,S005;S006;S007;S008;S088
FamilyWall,direct,active,HOME MAINTENANCE,maintenance schedules,U,Not established by the reviewed evidence; not an absence claim.,S005;S006;S007;S008;S088
FamilyWall,direct,active,HOME MAINTENANCE,assets/appliances,U,Not established by the reviewed evidence; not an absence claim.,S005;S006;S007;S008;S088
FamilyWall,direct,active,HOME MAINTENANCE,warranties,U,Not established by the reviewed evidence; not an absence claim.,S005;S006;S007;S008;S088
FamilyWall,direct,active,HOME MAINTENANCE,documents,U,Not established by the reviewed evidence; not an absence claim.,S005;S006;S007;S008;S088
FamilyWall,direct,active,HOME MAINTENANCE,service history,U,Not established by the reviewed evidence; not an absence claim.,S005;S006;S007;S008;S088
FamilyWall,direct,active,HOME MAINTENANCE,contractors,U,Not established by the reviewed evidence; not an absence claim.,S005;S006;S007;S008;S088
FamilyWall,direct,active,HOME MAINTENANCE,recurring maintenance reminders,U,Not established by the reviewed evidence; not an absence claim.,S005;S006;S007;S008;S088
FamilyWall,direct,active,COMMUNICATION,household chat,Y,Source-backed support in the reviewed product/support evidence.,S005;S006;S007;S008;S088
FamilyWall,direct,active,COMMUNICATION,comments,P,"Partial, paywalled, role-limited, adjacent, or narrower than the requested feature.",S005;S006;S007;S008;S088
FamilyWall,direct,active,COMMUNICATION,task comments,P,"Partial, paywalled, role-limited, adjacent, or narrower than the requested feature.",S005;S006;S007;S008;S088
FamilyWall,direct,active,COMMUNICATION,announcements,P,"Partial, paywalled, role-limited, adjacent, or narrower than the requested feature.",S005;S006;S007;S008;S088
FamilyWall,direct,active,COMMUNICATION,notifications,Y,Source-backed support in the reviewed product/support evidence.,S005;S006;S007;S008;S088
FamilyWall,direct,active,COMMUNICATION,push notifications,Y,Source-backed support in the reviewed product/support evidence.,S005;S006;S007;S008;S088
FamilyWall,direct,active,COMMUNICATION,email,U,Not established by the reviewed evidence; not an absence claim.,S005;S006;S007;S008;S088
FamilyWall,direct,active,COMMUNICATION,activity feed,U,Not established by the reviewed evidence; not an absence claim.,S005;S006;S007;S008;S088
FamilyWall,direct,active,CHILD / FAMILY LOGISTICS,school,P,"Partial, paywalled, role-limited, adjacent, or narrower than the requested feature.",S005;S006;S007;S008;S088
FamilyWall,direct,active,CHILD / FAMILY LOGISTICS,custody/co-parenting,P,"Partial, paywalled, role-limited, adjacent, or narrower than the requested feature.",S005;S006;S007;S008;S088
FamilyWall,direct,active,CHILD / FAMILY LOGISTICS,family pickup/dropoff,P,"Partial, paywalled, role-limited, adjacent, or narrower than the requested feature.",S005;S006;S007;S008;S088
FamilyWall,direct,active,CHILD / FAMILY LOGISTICS,sports,P,"Partial, paywalled, role-limited, adjacent, or narrower than the requested feature.",S005;S006;S007;S008;S088
FamilyWall,direct,active,CHILD / FAMILY LOGISTICS,daycare,P,"Partial, paywalled, role-limited, adjacent, or narrower than the requested feature.",S005;S006;S007;S008;S088
FamilyWall,direct,active,CHILD / FAMILY LOGISTICS,medication reminders,P,"Partial, paywalled, role-limited, adjacent, or narrower than the requested feature.",S005;S006;S007;S008;S088
FamilyWall,direct,active,CHILD / FAMILY LOGISTICS,child permissions,Y,Source-backed support in the reviewed product/support evidence.,S005;S006;S007;S008;S088
FamilyWall,direct,active,CHILD / FAMILY LOGISTICS,family caregivers,P,"Partial, paywalled, role-limited, adjacent, or narrower than the requested feature.",S005;S006;S007;S008;S088
FamilyWall,direct,active,CONNECTION BETWEEN HOUSEHOLDS,household-to-household connections,P,"Partial, paywalled, role-limited, adjacent, or narrower than the requested feature.",S005;S006;S007;S008;S088
FamilyWall,direct,active,CONNECTION BETWEEN HOUSEHOLDS,family friends,P,"Partial, paywalled, role-limited, adjacent, or narrower than the requested feature.",S005;S006;S007;S008;S088
FamilyWall,direct,active,CONNECTION BETWEEN HOUSEHOLDS,relatives,P,"Partial, paywalled, role-limited, adjacent, or narrower than the requested feature.",S005;S006;S007;S008;S088
FamilyWall,direct,active,CONNECTION BETWEEN HOUSEHOLDS,neighbours,U,Not established by the reviewed evidence; not an absence claim.,S005;S006;S007;S008;S088
FamilyWall,direct,active,CONNECTION BETWEEN HOUSEHOLDS,trusted household networks,P,"Partial, paywalled, role-limited, adjacent, or narrower than the requested feature.",S005;S006;S007;S008;S088
FamilyWall,direct,active,CONNECTION BETWEEN HOUSEHOLDS,shared events between households,P,"Partial, paywalled, role-limited, adjacent, or narrower than the requested feature.",S005;S006;S007;S008;S088
FamilyWall,direct,active,CONNECTION BETWEEN HOUSEHOLDS,shared childcare,P,"Partial, paywalled, role-limited, adjacent, or narrower than the requested feature.",S005;S006;S007;S008;S088
FamilyWall,direct,active,CONNECTION BETWEEN HOUSEHOLDS,shared shopping/tasks,P,"Partial, paywalled, role-limited, adjacent, or narrower than the requested feature.",S005;S006;S007;S008;S088
FamilyWall,direct,active,CONNECTION BETWEEN HOUSEHOLDS,discovery,U,Not established by the reviewed evidence; not an absence claim.,S005;S006;S007;S008;S088
FamilyWall,direct,active,CONNECTION BETWEEN HOUSEHOLDS,public/private household profiles,U,Not established by the reviewed evidence; not an absence claim.,S005;S006;S007;S008;S088
FamilyWall,direct,active,AI / AUTOMATION,AI planning,U,Not established by the reviewed evidence; not an absence claim.,S005
FamilyWall,direct,active,AI / AUTOMATION,natural-language task creation,U,Not established by the reviewed evidence; not an absence claim.,S005
FamilyWall,direct,active,AI / AUTOMATION,automatic scheduling,U,Not established by the reviewed evidence; not an absence claim.,S005
FamilyWall,direct,active,AI / AUTOMATION,recurring rule generation,U,Not established by the reviewed evidence; not an absence claim.,S005
FamilyWall,direct,active,AI / AUTOMATION,proactive reminders,U,Not established by the reviewed evidence; not an absence claim.,S005
FamilyWall,direct,active,AI / AUTOMATION,workload balancing,U,Not established by the reviewed evidence; not an absence claim.,S005
FamilyWall,direct,active,AI / AUTOMATION,meal suggestions,U,Not established by the reviewed evidence; not an absence claim.,S005
FamilyWall,direct,active,AI / AUTOMATION,shopping suggestions,U,Not established by the reviewed evidence; not an absence claim.,S005
FamilyWall,direct,active,AI / AUTOMATION,household summaries,U,Not established by the reviewed evidence; not an absence claim.,S005
FamilyWall,direct,active,AI / AUTOMATION,conflict detection,U,Not established by the reviewed evidence; not an absence claim.,S005
Family Tools,direct,active,IDENTITY / HOUSEHOLD,account creation,Y,Source-backed support in the reviewed product/support evidence.,S010;S011;S012;S013
Family Tools,direct,active,IDENTITY / HOUSEHOLD,households/families,Y,Source-backed support in the reviewed product/support evidence.,S010;S011;S012;S013
Family Tools,direct,active,IDENTITY / HOUSEHOLD,multiple households,U,Not established by the reviewed evidence; not an absence claim.,S010;S011;S012;S013
Family Tools,direct,active,IDENTITY / HOUSEHOLD,household switching,U,Not established by the reviewed evidence; not an absence claim.,S010;S011;S012;S013
Family Tools,direct,active,IDENTITY / HOUSEHOLD,invitations,Y,Source-backed support in the reviewed product/support evidence.,S010;S011;S012;S013
Family Tools,direct,active,IDENTITY / HOUSEHOLD,adults,Y,Source-backed support in the reviewed product/support evidence.,S010;S011;S012;S013
Family Tools,direct,active,IDENTITY / HOUSEHOLD,children,Y,Source-backed support in the reviewed product/support evidence.,S010;S011;S012;S013
Family Tools,direct,active,IDENTITY / HOUSEHOLD,child accounts,Y,Source-backed support in the reviewed product/support evidence.,S010;S011;S012;S013
Family Tools,direct,active,IDENTITY / HOUSEHOLD,users without login,Y,Source-backed support in the reviewed product/support evidence.,S010;S011;S012;S013
Family Tools,direct,active,IDENTITY / HOUSEHOLD,grandparents,P,"Partial, paywalled, role-limited, adjacent, or narrower than the requested feature.",S010;S011;S012;S013
Family Tools,direct,active,IDENTITY / HOUSEHOLD,babysitters,P,"Partial, paywalled, role-limited, adjacent, or narrower than the requested feature.",S010;S011;S012;S013
Family Tools,direct,active,IDENTITY / HOUSEHOLD,caregivers,P,"Partial, paywalled, role-limited, adjacent, or narrower than the requested feature.",S010;S011;S012;S013
Family Tools,direct,active,IDENTITY / HOUSEHOLD,guests,P,"Partial, paywalled, role-limited, adjacent, or narrower than the requested feature.",S010;S011;S012;S013
Family Tools,direct,active,IDENTITY / HOUSEHOLD,roles,Y,Source-backed support in the reviewed product/support evidence.,S010;S011;S012;S013
Family Tools,direct,active,IDENTITY / HOUSEHOLD,granular permissions,Y,Source-backed support in the reviewed product/support evidence.,S010;S011;S012;S013
Family Tools,direct,active,IDENTITY / HOUSEHOLD,household ownership,Y,Source-backed support in the reviewed product/support evidence.,S010;S011;S012;S013
Family Tools,direct,active,IDENTITY / HOUSEHOLD,transferring ownership,U,Not established by the reviewed evidence; not an absence claim.,S010;S011;S012;S013
Family Tools,direct,active,TASKS / CHORES,one-off tasks,Y,Source-backed support in the reviewed product/support evidence.,S010;S011;S012;S013
Family Tools,direct,active,TASKS / CHORES,recurring tasks,Y,Source-backed support in the reviewed product/support evidence.,S010;S011;S012;S013
Family Tools,direct,active,TASKS / CHORES,assignments,Y,Source-backed support in the reviewed product/support evidence.,S010;S011;S012;S013
Family Tools,direct,active,TASKS / CHORES,multiple assignees,P,"Partial, paywalled, role-limited, adjacent, or narrower than the requested feature.",S010;S011;S012;S013
Family Tools,direct,active,TASKS / CHORES,due dates,Y,Source-backed support in the reviewed product/support evidence.,S010;S011;S012;S013
Family Tools,direct,active,TASKS / CHORES,reminders,Y,Source-backed support in the reviewed product/support evidence.,S010;S011;S012;S013
Family Tools,direct,active,TASKS / CHORES,recurrence patterns,Y,Source-backed support in the reviewed product/support evidence.,S010;S011;S012;S013
Family Tools,direct,active,TASKS / CHORES,task templates,Y,Source-backed support in the reviewed product/support evidence.,S010;S011;S012;S013
Family Tools,direct,active,TASKS / CHORES,chore rotation,P,"Partial, paywalled, role-limited, adjacent, or narrower than the requested feature.",S010;S011;S012;S013
Family Tools,direct,active,TASKS / CHORES,points/rewards,Y,Source-backed support in the reviewed product/support evidence.,S010;S011;S012;S013
Family Tools,direct,active,TASKS / CHORES,approval/completion confirmation,Y,Source-backed support in the reviewed product/support evidence.,S010;S011;S012;S013
Family Tools,direct,active,TASKS / CHORES,child-oriented chores,Y,Source-backed support in the reviewed product/support evidence.,S010;S011;S012;S013
Family Tools,direct,active,TASKS / CHORES,task history,Y,Source-backed support in the reviewed product/support evidence.,S010;S011;S012;S013
Family Tools,direct,active,ROUTINES,morning/evening routines,Y,Source-backed support in the reviewed product/support evidence.,S010;S011;S012;S013
Family Tools,direct,active,ROUTINES,recurring household routines,Y,Source-backed support in the reviewed product/support evidence.,S010;S011;S012;S013
Family Tools,direct,active,ROUTINES,checklists,Y,Source-backed support in the reviewed product/support evidence.,S010;S011;S012;S013
Family Tools,direct,active,ROUTINES,sequential routines,P,"Partial, paywalled, role-limited, adjacent, or narrower than the requested feature.",S010;S011;S012;S013
Family Tools,direct,active,ROUTINES,reusable routine templates,Y,Source-backed support in the reviewed product/support evidence.,S010;S011;S012;S013
Family Tools,direct,active,ROUTINES,household automation,P,"Partial, paywalled, role-limited, adjacent, or narrower than the requested feature.",S010;S011;S012;S013
Family Tools,direct,active,CALENDAR,shared calendar,Y,Source-backed support in the reviewed product/support evidence.,S010;S011;S012;S013
Family Tools,direct,active,CALENDAR,personal calendars,P,"Partial, paywalled, role-limited, adjacent, or narrower than the requested feature.",S010;S011;S012;S013
Family Tools,direct,active,CALENDAR,household events,Y,Source-backed support in the reviewed product/support evidence.,S010;S011;S012;S013
Family Tools,direct,active,CALENDAR,recurring events,Y,Source-backed support in the reviewed product/support evidence.,S010;S011;S012;S013
Family Tools,direct,active,CALENDAR,calendar reminders,Y,Source-backed support in the reviewed product/support evidence.,S010;S011;S012;S013
Family Tools,direct,active,CALENDAR,external calendar sync,U,Not established by the reviewed evidence; not an absence claim.,S010;S011;S012;S013
Family Tools,direct,active,CALENDAR,Google Calendar,U,Not established by the reviewed evidence; not an absence claim.,S010;S011;S012;S013
Family Tools,direct,active,CALENDAR,Apple Calendar,U,Not established by the reviewed evidence; not an absence claim.,S010;S011;S012;S013
Family Tools,direct,active,CALENDAR,Outlook,U,Not established by the reviewed evidence; not an absence claim.,S010;S011;S012;S013
Family Tools,direct,active,CALENDAR,school schedules,Y,Source-backed support in the reviewed product/support evidence.,S010;S011;S012;S013
Family Tools,direct,active,CALENDAR,pickup/dropoff,P,"Partial, paywalled, role-limited, adjacent, or narrower than the requested feature.",S010;S011;S012;S013
Family Tools,direct,active,CALENDAR,event assignments,P,"Partial, paywalled, role-limited, adjacent, or narrower than the requested feature.",S010;S011;S012;S013
Family Tools,direct,active,CALENDAR,RSVP,U,Not established by the reviewed evidence; not an absence claim.,S010;S011;S012;S013
Family Tools,direct,active,CALENDAR,event location,U,Not established by the reviewed evidence; not an absence claim.,S010;S011;S012;S013
Family Tools,direct,active,CALENDAR,attachments/notes,Y,Source-backed support in the reviewed product/support evidence.,S010;S011;S012;S013
Family Tools,direct,active,TODAY / DASHBOARD,daily overview,Y,Source-backed support in the reviewed product/support evidence.,S010;S011;S012;S013
Family Tools,direct,active,TODAY / DASHBOARD,personalized view,Y,Source-backed support in the reviewed product/support evidence.,S010;S011;S012;S013
Family Tools,direct,active,TODAY / DASHBOARD,household-wide view,Y,Source-backed support in the reviewed product/support evidence.,S010;S011;S012;S013
Family Tools,direct,active,TODAY / DASHBOARD,overdue tasks,Y,Source-backed support in the reviewed product/support evidence.,S010;S011;S012;S013
Family Tools,direct,active,TODAY / DASHBOARD,upcoming events,Y,Source-backed support in the reviewed product/support evidence.,S010;S011;S012;S013
Family Tools,direct,active,TODAY / DASHBOARD,shopping needs,Y,Source-backed support in the reviewed product/support evidence.,S010;S011;S012;S013
Family Tools,direct,active,TODAY / DASHBOARD,dashboard reminders,Y,Source-backed support in the reviewed product/support evidence.,S010;S011;S012;S013
Family Tools,direct,active,TODAY / DASHBOARD,proactive suggestions,U,Not established by the reviewed evidence; not an absence claim.,S010;S011;S012;S013
Family Tools,direct,active,TODAY / DASHBOARD,priority logic,P,"Partial, paywalled, role-limited, adjacent, or narrower than the requested feature.",S010;S011;S012;S013
Family Tools,direct,active,SHOPPING,multiple lists,Y,Source-backed support in the reviewed product/support evidence.,S010;S011;S012;S013
Family Tools,direct,active,SHOPPING,realtime collaboration,Y,Source-backed support in the reviewed product/support evidence.,S010;S011;S012;S013
Family Tools,direct,active,SHOPPING,shopping assignment,Y,Source-backed support in the reviewed product/support evidence.,S010;S011;S012;S013
Family Tools,direct,active,SHOPPING,categories,Y,Source-backed support in the reviewed product/support evidence.,S010;S011;S012;S013
Family Tools,direct,active,SHOPPING,recurring purchases,P,"Partial, paywalled, role-limited, adjacent, or narrower than the requested feature.",S010;S011;S012;S013
Family Tools,direct,active,SHOPPING,shopping history,P,"Partial, paywalled, role-limited, adjacent, or narrower than the requested feature.",S010;S011;S012;S013
Family Tools,direct,active,SHOPPING,grocery-specific behavior,Y,Source-backed support in the reviewed product/support evidence.,S010;S011;S012;S013
Family Tools,direct,active,SHOPPING,barcode/scanning,U,Not established by the reviewed evidence; not an absence claim.,S010;S011;S012;S013
Family Tools,direct,active,SHOPPING,store organization,U,Not established by the reviewed evidence; not an absence claim.,S010;S011;S012;S013
Family Tools,direct,active,SHOPPING,intelligent suggestions,U,Not established by the reviewed evidence; not an absence claim.,S010;S011;S012;S013
Family Tools,direct,active,MEALS,meal planning,Y,Source-backed support in the reviewed product/support evidence.,S010;S011;S012;S013
Family Tools,direct,active,MEALS,recipes,P,"Partial, paywalled, role-limited, adjacent, or narrower than the requested feature.",S010;S011;S012;S013
Family Tools,direct,active,MEALS,shopping integration,Y,Source-backed support in the reviewed product/support evidence.,S010;S011;S012;S013
Family Tools,direct,active,MEALS,recurring meals,U,Not established by the reviewed evidence; not an absence claim.,S010;S011;S012;S013
Family Tools,direct,active,MEALS,dietary preferences,U,Not established by the reviewed evidence; not an absence claim.,S010;S011;S012;S013
Family Tools,direct,active,EXPENSES,shared expenses,U,Not established by the reviewed evidence; not an absence claim.,S010;S011;S012;S013
Family Tools,direct,active,EXPENSES,reimbursements,U,Not established by the reviewed evidence; not an absence claim.,S010;S011;S012;S013
Family Tools,direct,active,EXPENSES,household budgets,U,Not established by the reviewed evidence; not an absence claim.,S010;S011;S012;S013
Family Tools,direct,active,EXPENSES,recurring bills,U,Not established by the reviewed evidence; not an absence claim.,S010;S011;S012;S013
Family Tools,direct,active,EXPENSES,payment integration,U,Not established by the reviewed evidence; not an absence claim.,S010;S011;S012;S013
Family Tools,direct,active,EXPENSES,receipt handling,U,Not established by the reviewed evidence; not an absence claim.,S010;S011;S012;S013
Family Tools,direct,active,HOME MAINTENANCE,maintenance tasks,U,Not established by the reviewed evidence; not an absence claim.,S010;S011;S012;S013
Family Tools,direct,active,HOME MAINTENANCE,maintenance schedules,U,Not established by the reviewed evidence; not an absence claim.,S010;S011;S012;S013
Family Tools,direct,active,HOME MAINTENANCE,assets/appliances,U,Not established by the reviewed evidence; not an absence claim.,S010;S011;S012;S013
Family Tools,direct,active,HOME MAINTENANCE,warranties,U,Not established by the reviewed evidence; not an absence claim.,S010;S011;S012;S013
Family Tools,direct,active,HOME MAINTENANCE,documents,U,Not established by the reviewed evidence; not an absence claim.,S010;S011;S012;S013
Family Tools,direct,active,HOME MAINTENANCE,service history,U,Not established by the reviewed evidence; not an absence claim.,S010;S011;S012;S013
Family Tools,direct,active,HOME MAINTENANCE,contractors,U,Not established by the reviewed evidence; not an absence claim.,S010;S011;S012;S013
Family Tools,direct,active,HOME MAINTENANCE,recurring maintenance reminders,U,Not established by the reviewed evidence; not an absence claim.,S010;S011;S012;S013
Family Tools,direct,active,COMMUNICATION,household chat,U,Not established by the reviewed evidence; not an absence claim.,S010;S011;S012;S013
Family Tools,direct,active,COMMUNICATION,comments,P,"Partial, paywalled, role-limited, adjacent, or narrower than the requested feature.",S010;S011;S012;S013
Family Tools,direct,active,COMMUNICATION,task comments,P,"Partial, paywalled, role-limited, adjacent, or narrower than the requested feature.",S010;S011;S012;S013
Family Tools,direct,active,COMMUNICATION,announcements,P,"Partial, paywalled, role-limited, adjacent, or narrower than the requested feature.",S010;S011;S012;S013
Family Tools,direct,active,COMMUNICATION,notifications,Y,Source-backed support in the reviewed product/support evidence.,S010;S011;S012;S013
Family Tools,direct,active,COMMUNICATION,push notifications,Y,Source-backed support in the reviewed product/support evidence.,S010;S011;S012;S013
Family Tools,direct,active,COMMUNICATION,email,U,Not established by the reviewed evidence; not an absence claim.,S010;S011;S012;S013
Family Tools,direct,active,COMMUNICATION,activity feed,P,"Partial, paywalled, role-limited, adjacent, or narrower than the requested feature.",S010;S011;S012;S013
Family Tools,direct,active,CHILD / FAMILY LOGISTICS,school,Y,Source-backed support in the reviewed product/support evidence.,S010;S011;S012;S013
Family Tools,direct,active,CHILD / FAMILY LOGISTICS,custody/co-parenting,U,Not established by the reviewed evidence; not an absence claim.,S010;S011;S012;S013
Family Tools,direct,active,CHILD / FAMILY LOGISTICS,family pickup/dropoff,P,"Partial, paywalled, role-limited, adjacent, or narrower than the requested feature.",S010;S011;S012;S013
Family Tools,direct,active,CHILD / FAMILY LOGISTICS,sports,P,"Partial, paywalled, role-limited, adjacent, or narrower than the requested feature.",S010;S011;S012;S013
Family Tools,direct,active,CHILD / FAMILY LOGISTICS,daycare,P,"Partial, paywalled, role-limited, adjacent, or narrower than the requested feature.",S010;S011;S012;S013
Family Tools,direct,active,CHILD / FAMILY LOGISTICS,medication reminders,P,"Partial, paywalled, role-limited, adjacent, or narrower than the requested feature.",S010;S011;S012;S013
Family Tools,direct,active,CHILD / FAMILY LOGISTICS,child permissions,Y,Source-backed support in the reviewed product/support evidence.,S010;S011;S012;S013
Family Tools,direct,active,CHILD / FAMILY LOGISTICS,family caregivers,Y,Source-backed support in the reviewed product/support evidence.,S010;S011;S012;S013
Family Tools,direct,active,CONNECTION BETWEEN HOUSEHOLDS,household-to-household connections,U,Not established by the reviewed evidence; not an absence claim.,S010;S011;S012;S013
Family Tools,direct,active,CONNECTION BETWEEN HOUSEHOLDS,family friends,U,Not established by the reviewed evidence; not an absence claim.,S010;S011;S012;S013
Family Tools,direct,active,CONNECTION BETWEEN HOUSEHOLDS,relatives,U,Not established by the reviewed evidence; not an absence claim.,S010;S011;S012;S013
Family Tools,direct,active,CONNECTION BETWEEN HOUSEHOLDS,neighbours,U,Not established by the reviewed evidence; not an absence claim.,S010;S011;S012;S013
Family Tools,direct,active,CONNECTION BETWEEN HOUSEHOLDS,trusted household networks,U,Not established by the reviewed evidence; not an absence claim.,S010;S011;S012;S013
Family Tools,direct,active,CONNECTION BETWEEN HOUSEHOLDS,shared events between households,U,Not established by the reviewed evidence; not an absence claim.,S010;S011;S012;S013
Family Tools,direct,active,CONNECTION BETWEEN HOUSEHOLDS,shared childcare,U,Not established by the reviewed evidence; not an absence claim.,S010;S011;S012;S013
Family Tools,direct,active,CONNECTION BETWEEN HOUSEHOLDS,shared shopping/tasks,U,Not established by the reviewed evidence; not an absence claim.,S010;S011;S012;S013
Family Tools,direct,active,CONNECTION BETWEEN HOUSEHOLDS,discovery,U,Not established by the reviewed evidence; not an absence claim.,S010;S011;S012;S013
Family Tools,direct,active,CONNECTION BETWEEN HOUSEHOLDS,public/private household profiles,U,Not established by the reviewed evidence; not an absence claim.,S010;S011;S012;S013
Family Tools,direct,active,AI / AUTOMATION,AI planning,U,Not established by the reviewed evidence; not an absence claim.,S010;S011;S012;S013
Family Tools,direct,active,AI / AUTOMATION,natural-language task creation,U,Not established by the reviewed evidence; not an absence claim.,S010;S011;S012;S013
Family Tools,direct,active,AI / AUTOMATION,automatic scheduling,U,Not established by the reviewed evidence; not an absence claim.,S010;S011;S012;S013
Family Tools,direct,active,AI / AUTOMATION,recurring rule generation,U,Not established by the reviewed evidence; not an absence claim.,S010;S011;S012;S013
Family Tools,direct,active,AI / AUTOMATION,proactive reminders,U,Not established by the reviewed evidence; not an absence claim.,S010;S011;S012;S013
Family Tools,direct,active,AI / AUTOMATION,workload balancing,U,Not established by the reviewed evidence; not an absence claim.,S010;S011;S012;S013
Family Tools,direct,active,AI / AUTOMATION,meal suggestions,U,Not established by the reviewed evidence; not an absence claim.,S010;S011;S012;S013
Family Tools,direct,active,AI / AUTOMATION,shopping suggestions,U,Not established by the reviewed evidence; not an absence claim.,S010;S011;S012;S013
Family Tools,direct,active,AI / AUTOMATION,household summaries,U,Not established by the reviewed evidence; not an absence claim.,S010;S011;S012;S013
Family Tools,direct,active,AI / AUTOMATION,conflict detection,U,Not established by the reviewed evidence; not an absence claim.,S010;S011;S012;S013
Jam Family Calendar,direct,active,IDENTITY / HOUSEHOLD,account creation,Y,Source-backed support in the reviewed product/support evidence.,S015;S016;S017;S075;S089
Jam Family Calendar,direct,active,IDENTITY / HOUSEHOLD,households/families,Y,Source-backed support in the reviewed product/support evidence.,S015;S016;S017;S075;S089
Jam Family Calendar,direct,active,IDENTITY / HOUSEHOLD,multiple households,U,Not established by the reviewed evidence; not an absence claim.,S015;S016;S017;S075;S089
Jam Family Calendar,direct,active,IDENTITY / HOUSEHOLD,household switching,U,Not established by the reviewed evidence; not an absence claim.,S015;S016;S017;S075;S089
Jam Family Calendar,direct,active,IDENTITY / HOUSEHOLD,invitations,Y,Source-backed support in the reviewed product/support evidence.,S015;S016;S017;S075;S089
Jam Family Calendar,direct,active,IDENTITY / HOUSEHOLD,adults,Y,Source-backed support in the reviewed product/support evidence.,S015;S016;S017;S075;S089
Jam Family Calendar,direct,active,IDENTITY / HOUSEHOLD,children,Y,Source-backed support in the reviewed product/support evidence.,S015;S016;S017;S075;S089
Jam Family Calendar,direct,active,IDENTITY / HOUSEHOLD,child accounts,P,"Partial, paywalled, role-limited, adjacent, or narrower than the requested feature.",S015;S016;S017;S075;S089
Jam Family Calendar,direct,active,IDENTITY / HOUSEHOLD,users without login,Y,Source-backed support in the reviewed product/support evidence.,S015;S016;S017;S075;S089
Jam Family Calendar,direct,active,IDENTITY / HOUSEHOLD,grandparents,P,"Partial, paywalled, role-limited, adjacent, or narrower than the requested feature.",S015;S016;S017;S075;S089
Jam Family Calendar,direct,active,IDENTITY / HOUSEHOLD,babysitters,P,"Partial, paywalled, role-limited, adjacent, or narrower than the requested feature.",S015;S016;S017;S075;S089
Jam Family Calendar,direct,active,IDENTITY / HOUSEHOLD,caregivers,Y,Source-backed support in the reviewed product/support evidence.,S015;S016;S017;S075;S089
Jam Family Calendar,direct,active,IDENTITY / HOUSEHOLD,guests,P,"Partial, paywalled, role-limited, adjacent, or narrower than the requested feature.",S015;S016;S017;S075;S089
Jam Family Calendar,direct,active,IDENTITY / HOUSEHOLD,roles,Y,Source-backed support in the reviewed product/support evidence.,S015;S016;S017;S075;S089
Jam Family Calendar,direct,active,IDENTITY / HOUSEHOLD,granular permissions,Y,Source-backed support in the reviewed product/support evidence.,S015;S016;S017;S075;S089
Jam Family Calendar,direct,active,IDENTITY / HOUSEHOLD,household ownership,Y,Source-backed support in the reviewed product/support evidence.,S015;S016;S017;S075;S089
Jam Family Calendar,direct,active,IDENTITY / HOUSEHOLD,transferring ownership,U,Not established by the reviewed evidence; not an absence claim.,S015;S016;S017;S075;S089
Jam Family Calendar,direct,active,TASKS / CHORES,one-off tasks,Y,Source-backed support in the reviewed product/support evidence.,S015;S016;S017;S075;S089
Jam Family Calendar,direct,active,TASKS / CHORES,recurring tasks,Y,Source-backed support in the reviewed product/support evidence.,S015;S016;S017;S075;S089
Jam Family Calendar,direct,active,TASKS / CHORES,assignments,Y,Source-backed support in the reviewed product/support evidence.,S015;S016;S017;S075;S089
Jam Family Calendar,direct,active,TASKS / CHORES,multiple assignees,P,"Partial, paywalled, role-limited, adjacent, or narrower than the requested feature.",S015;S016;S017;S075;S089
Jam Family Calendar,direct,active,TASKS / CHORES,due dates,Y,Source-backed support in the reviewed product/support evidence.,S015;S016;S017;S075;S089
Jam Family Calendar,direct,active,TASKS / CHORES,reminders,Y,Source-backed support in the reviewed product/support evidence.,S015;S016;S017;S075;S089
Jam Family Calendar,direct,active,TASKS / CHORES,recurrence patterns,Y,Source-backed support in the reviewed product/support evidence.,S015;S016;S017;S075;S089
Jam Family Calendar,direct,active,TASKS / CHORES,task templates,P,"Partial, paywalled, role-limited, adjacent, or narrower than the requested feature.",S015;S016;S017;S075;S089
Jam Family Calendar,direct,active,TASKS / CHORES,chore rotation,U,Not established by the reviewed evidence; not an absence claim.,S015;S016;S017;S075;S089
Jam Family Calendar,direct,active,TASKS / CHORES,points/rewards,U,Not established by the reviewed evidence; not an absence claim.,S015;S016;S017;S075;S089
Jam Family Calendar,direct,active,TASKS / CHORES,approval/completion confirmation,U,Not established by the reviewed evidence; not an absence claim.,S015;S016;S017;S075;S089
Jam Family Calendar,direct,active,TASKS / CHORES,child-oriented chores,P,"Partial, paywalled, role-limited, adjacent, or narrower than the requested feature.",S015;S016;S017;S075;S089
Jam Family Calendar,direct,active,TASKS / CHORES,task history,P,"Partial, paywalled, role-limited, adjacent, or narrower than the requested feature.",S015;S016;S017;S075;S089
Jam Family Calendar,direct,active,ROUTINES,morning/evening routines,U,Not established by the reviewed evidence; not an absence claim.,S015;S016;S017;S075;S089
Jam Family Calendar,direct,active,ROUTINES,recurring household routines,P,"Partial, paywalled, role-limited, adjacent, or narrower than the requested feature.",S015;S016;S017;S075;S089
Jam Family Calendar,direct,active,ROUTINES,checklists,P,"Partial, paywalled, role-limited, adjacent, or narrower than the requested feature.",S015;S016;S017;S075;S089
Jam Family Calendar,direct,active,ROUTINES,sequential routines,U,Not established by the reviewed evidence; not an absence claim.,S015;S016;S017;S075;S089
Jam Family Calendar,direct,active,ROUTINES,reusable routine templates,P,"Partial, paywalled, role-limited, adjacent, or narrower than the requested feature.",S015;S016;S017;S075;S089
Jam Family Calendar,direct,active,ROUTINES,household automation,P,"Partial, paywalled, role-limited, adjacent, or narrower than the requested feature.",S015;S016;S017;S075;S089
Jam Family Calendar,direct,active,CALENDAR,shared calendar,Y,Source-backed support in the reviewed product/support evidence.,S015;S016;S017;S075;S089
Jam Family Calendar,direct,active,CALENDAR,personal calendars,Y,Source-backed support in the reviewed product/support evidence.,S015;S016;S017;S075;S089
Jam Family Calendar,direct,active,CALENDAR,household events,Y,Source-backed support in the reviewed product/support evidence.,S015;S016;S017;S075;S089
Jam Family Calendar,direct,active,CALENDAR,recurring events,Y,Source-backed support in the reviewed product/support evidence.,S015;S016;S017;S075;S089
Jam Family Calendar,direct,active,CALENDAR,calendar reminders,Y,Source-backed support in the reviewed product/support evidence.,S015;S016;S017;S075;S089
Jam Family Calendar,direct,active,CALENDAR,external calendar sync,Y,Source-backed support in the reviewed product/support evidence.,S015;S016;S017;S075;S089
Jam Family Calendar,direct,active,CALENDAR,Google Calendar,Y,Source-backed support in the reviewed product/support evidence.,S015;S016;S017;S075;S089
Jam Family Calendar,direct,active,CALENDAR,Apple Calendar,Y,Source-backed support in the reviewed product/support evidence.,S015;S016;S017;S075;S089
Jam Family Calendar,direct,active,CALENDAR,Outlook,Y,Source-backed support in the reviewed product/support evidence.,S015;S016;S017;S075;S089
Jam Family Calendar,direct,active,CALENDAR,school schedules,Y,Source-backed support in the reviewed product/support evidence.,S015;S016;S017;S075;S089
Jam Family Calendar,direct,active,CALENDAR,pickup/dropoff,Y,Source-backed support in the reviewed product/support evidence.,S015;S016;S017;S075;S089
Jam Family Calendar,direct,active,CALENDAR,event assignments,Y,Source-backed support in the reviewed product/support evidence.,S015;S016;S017;S075;S089
Jam Family Calendar,direct,active,CALENDAR,RSVP,P,"Partial, paywalled, role-limited, adjacent, or narrower than the requested feature.",S015;S016;S017;S075;S089
Jam Family Calendar,direct,active,CALENDAR,event location,Y,Source-backed support in the reviewed product/support evidence.,S015;S016;S017;S075;S089
Jam Family Calendar,direct,active,CALENDAR,attachments/notes,Y,Source-backed support in the reviewed product/support evidence.,S015;S016;S017;S075;S089
Jam Family Calendar,direct,active,TODAY / DASHBOARD,daily overview,Y,Source-backed support in the reviewed product/support evidence.,S015;S016;S017;S075;S089
Jam Family Calendar,direct,active,TODAY / DASHBOARD,personalized view,Y,Source-backed support in the reviewed product/support evidence.,S015;S016;S017;S075;S089
Jam Family Calendar,direct,active,TODAY / DASHBOARD,household-wide view,Y,Source-backed support in the reviewed product/support evidence.,S015;S016;S017;S075;S089
Jam Family Calendar,direct,active,TODAY / DASHBOARD,overdue tasks,P,"Partial, paywalled, role-limited, adjacent, or narrower than the requested feature.",S015;S016;S017;S075;S089
Jam Family Calendar,direct,active,TODAY / DASHBOARD,upcoming events,Y,Source-backed support in the reviewed product/support evidence.,S015;S016;S017;S075;S089
Jam Family Calendar,direct,active,TODAY / DASHBOARD,shopping needs,P,"Partial, paywalled, role-limited, adjacent, or narrower than the requested feature.",S015;S016;S017;S075;S089
Jam Family Calendar,direct,active,TODAY / DASHBOARD,dashboard reminders,Y,Source-backed support in the reviewed product/support evidence.,S015;S016;S017;S075;S089
Jam Family Calendar,direct,active,TODAY / DASHBOARD,proactive suggestions,Y,Source-backed support in the reviewed product/support evidence.,S015;S016;S017;S075;S089
Jam Family Calendar,direct,active,TODAY / DASHBOARD,priority logic,P,"Partial, paywalled, role-limited, adjacent, or narrower than the requested feature.",S015;S016;S017;S075;S089
Jam Family Calendar,direct,active,SHOPPING,multiple lists,Y,Source-backed support in the reviewed product/support evidence.,S015;S016;S017;S075;S089
Jam Family Calendar,direct,active,SHOPPING,realtime collaboration,Y,Source-backed support in the reviewed product/support evidence.,S015;S016;S017;S075;S089
Jam Family Calendar,direct,active,SHOPPING,shopping assignment,P,"Partial, paywalled, role-limited, adjacent, or narrower than the requested feature.",S015;S016;S017;S075;S089
Jam Family Calendar,direct,active,SHOPPING,categories,Y,Source-backed support in the reviewed product/support evidence.,S015;S016;S017;S075;S089
Jam Family Calendar,direct,active,SHOPPING,recurring purchases,P,"Partial, paywalled, role-limited, adjacent, or narrower than the requested feature.",S015;S016;S017;S075;S089
Jam Family Calendar,direct,active,SHOPPING,shopping history,P,"Partial, paywalled, role-limited, adjacent, or narrower than the requested feature.",S015;S016;S017;S075;S089
Jam Family Calendar,direct,active,SHOPPING,grocery-specific behavior,Y,Source-backed support in the reviewed product/support evidence.,S015;S016;S017;S075;S089
Jam Family Calendar,direct,active,SHOPPING,barcode/scanning,U,Not established by the reviewed evidence; not an absence claim.,S015;S016;S017;S075;S089
Jam Family Calendar,direct,active,SHOPPING,store organization,U,Not established by the reviewed evidence; not an absence claim.,S015;S016;S017;S075;S089
Jam Family Calendar,direct,active,SHOPPING,intelligent suggestions,P,"Partial, paywalled, role-limited, adjacent, or narrower than the requested feature.",S015;S016;S017;S075;S089
Jam Family Calendar,direct,active,MEALS,meal planning,P,"Partial, paywalled, role-limited, adjacent, or narrower than the requested feature.",S015;S016;S017;S075;S089
Jam Family Calendar,direct,active,MEALS,recipes,U,Not established by the reviewed evidence; not an absence claim.,S015;S016;S017;S075;S089
Jam Family Calendar,direct,active,MEALS,shopping integration,P,"Partial, paywalled, role-limited, adjacent, or narrower than the requested feature.",S015;S016;S017;S075;S089
Jam Family Calendar,direct,active,MEALS,recurring meals,U,Not established by the reviewed evidence; not an absence claim.,S015;S016;S017;S075;S089
Jam Family Calendar,direct,active,MEALS,dietary preferences,U,Not established by the reviewed evidence; not an absence claim.,S015;S016;S017;S075;S089
Jam Family Calendar,direct,active,EXPENSES,shared expenses,U,Not established by the reviewed evidence; not an absence claim.,S015;S016;S017;S075;S089
Jam Family Calendar,direct,active,EXPENSES,reimbursements,U,Not established by the reviewed evidence; not an absence claim.,S015;S016;S017;S075;S089
Jam Family Calendar,direct,active,EXPENSES,household budgets,U,Not established by the reviewed evidence; not an absence claim.,S015;S016;S017;S075;S089
Jam Family Calendar,direct,active,EXPENSES,recurring bills,U,Not established by the reviewed evidence; not an absence claim.,S015;S016;S017;S075;S089
Jam Family Calendar,direct,active,EXPENSES,payment integration,U,Not established by the reviewed evidence; not an absence claim.,S015;S016;S017;S075;S089
Jam Family Calendar,direct,active,EXPENSES,receipt handling,U,Not established by the reviewed evidence; not an absence claim.,S015;S016;S017;S075;S089
Jam Family Calendar,direct,active,HOME MAINTENANCE,maintenance tasks,U,Not established by the reviewed evidence; not an absence claim.,S015;S016;S017;S075;S089
Jam Family Calendar,direct,active,HOME MAINTENANCE,maintenance schedules,U,Not established by the reviewed evidence; not an absence claim.,S015;S016;S017;S075;S089
Jam Family Calendar,direct,active,HOME MAINTENANCE,assets/appliances,U,Not established by the reviewed evidence; not an absence claim.,S015;S016;S017;S075;S089
Jam Family Calendar,direct,active,HOME MAINTENANCE,warranties,U,Not established by the reviewed evidence; not an absence claim.,S015;S016;S017;S075;S089
Jam Family Calendar,direct,active,HOME MAINTENANCE,documents,U,Not established by the reviewed evidence; not an absence claim.,S015;S016;S017;S075;S089
Jam Family Calendar,direct,active,HOME MAINTENANCE,service history,U,Not established by the reviewed evidence; not an absence claim.,S015;S016;S017;S075;S089
Jam Family Calendar,direct,active,HOME MAINTENANCE,contractors,U,Not established by the reviewed evidence; not an absence claim.,S015;S016;S017;S075;S089
Jam Family Calendar,direct,active,HOME MAINTENANCE,recurring maintenance reminders,U,Not established by the reviewed evidence; not an absence claim.,S015;S016;S017;S075;S089
Jam Family Calendar,direct,active,COMMUNICATION,household chat,U,Not established by the reviewed evidence; not an absence claim.,S015;S089
Jam Family Calendar,direct,active,COMMUNICATION,comments,P,"Partial, paywalled, role-limited, adjacent, or narrower than the requested feature.",S015;S089
Jam Family Calendar,direct,active,COMMUNICATION,task comments,P,"Partial, paywalled, role-limited, adjacent, or narrower than the requested feature.",S015;S089
Jam Family Calendar,direct,active,COMMUNICATION,announcements,P,"Partial, paywalled, role-limited, adjacent, or narrower than the requested feature.",S015;S089
Jam Family Calendar,direct,active,COMMUNICATION,notifications,Y,Source-backed support in the reviewed product/support evidence.,S015;S089
Jam Family Calendar,direct,active,COMMUNICATION,push notifications,Y,Source-backed support in the reviewed product/support evidence.,S015;S089
Jam Family Calendar,direct,active,COMMUNICATION,email,X,Notifications are explicitly push-only; email invitation/input does not count as notification delivery.,S015;S089
Jam Family Calendar,direct,active,COMMUNICATION,activity feed,U,Not established by the reviewed evidence; not an absence claim.,S015;S089
Jam Family Calendar,direct,active,CHILD / FAMILY LOGISTICS,school,Y,Source-backed support in the reviewed product/support evidence.,S015;S016;S017;S075;S089
Jam Family Calendar,direct,active,CHILD / FAMILY LOGISTICS,custody/co-parenting,P,"Partial, paywalled, role-limited, adjacent, or narrower than the requested feature.",S015;S016;S017;S075;S089
Jam Family Calendar,direct,active,CHILD / FAMILY LOGISTICS,family pickup/dropoff,Y,Source-backed support in the reviewed product/support evidence.,S015;S016;S017;S075;S089
Jam Family Calendar,direct,active,CHILD / FAMILY LOGISTICS,sports,Y,Source-backed support in the reviewed product/support evidence.,S015;S016;S017;S075;S089
Jam Family Calendar,direct,active,CHILD / FAMILY LOGISTICS,daycare,Y,Source-backed support in the reviewed product/support evidence.,S015;S016;S017;S075;S089
Jam Family Calendar,direct,active,CHILD / FAMILY LOGISTICS,medication reminders,U,Not established by the reviewed evidence; not an absence claim.,S015;S016;S017;S075;S089
Jam Family Calendar,direct,active,CHILD / FAMILY LOGISTICS,child permissions,Y,Source-backed support in the reviewed product/support evidence.,S015;S016;S017;S075;S089
Jam Family Calendar,direct,active,CHILD / FAMILY LOGISTICS,family caregivers,Y,Source-backed support in the reviewed product/support evidence.,S015;S016;S017;S075;S089
Jam Family Calendar,direct,active,CONNECTION BETWEEN HOUSEHOLDS,household-to-household connections,U,Not established by the reviewed evidence; not an absence claim.,S015;S016;S017;S075;S089
Jam Family Calendar,direct,active,CONNECTION BETWEEN HOUSEHOLDS,family friends,U,Not established by the reviewed evidence; not an absence claim.,S015;S016;S017;S075;S089
Jam Family Calendar,direct,active,CONNECTION BETWEEN HOUSEHOLDS,relatives,U,Not established by the reviewed evidence; not an absence claim.,S015;S016;S017;S075;S089
Jam Family Calendar,direct,active,CONNECTION BETWEEN HOUSEHOLDS,neighbours,U,Not established by the reviewed evidence; not an absence claim.,S015;S016;S017;S075;S089
Jam Family Calendar,direct,active,CONNECTION BETWEEN HOUSEHOLDS,trusted household networks,U,Not established by the reviewed evidence; not an absence claim.,S015;S016;S017;S075;S089
Jam Family Calendar,direct,active,CONNECTION BETWEEN HOUSEHOLDS,shared events between households,U,Not established by the reviewed evidence; not an absence claim.,S015;S016;S017;S075;S089
Jam Family Calendar,direct,active,CONNECTION BETWEEN HOUSEHOLDS,shared childcare,U,Not established by the reviewed evidence; not an absence claim.,S015;S016;S017;S075;S089
Jam Family Calendar,direct,active,CONNECTION BETWEEN HOUSEHOLDS,shared shopping/tasks,U,Not established by the reviewed evidence; not an absence claim.,S015;S016;S017;S075;S089
Jam Family Calendar,direct,active,CONNECTION BETWEEN HOUSEHOLDS,discovery,U,Not established by the reviewed evidence; not an absence claim.,S015;S016;S017;S075;S089
Jam Family Calendar,direct,active,CONNECTION BETWEEN HOUSEHOLDS,public/private household profiles,U,Not established by the reviewed evidence; not an absence claim.,S015;S016;S017;S075;S089
Jam Family Calendar,direct,active,AI / AUTOMATION,AI planning,P,Assistant drafts structured actions from supplied inputs; autonomous general planning was not established.,S017
Jam Family Calendar,direct,active,AI / AUTOMATION,natural-language task creation,Y,Typed plain language can create an assigned To Do for user review.,S017
Jam Family Calendar,direct,active,AI / AUTOMATION,automatic scheduling,U,Not established by the reviewed evidence; not an absence claim.,S017
Jam Family Calendar,direct,active,AI / AUTOMATION,recurring rule generation,U,Not established by the reviewed evidence; not an absence claim.,S017
Jam Family Calendar,direct,active,AI / AUTOMATION,proactive reminders,P,Event-specific preparation/reminder suggestions are narrower than a general proactive reminder engine.,S017
Jam Family Calendar,direct,active,AI / AUTOMATION,workload balancing,U,Not established by the reviewed evidence; not an absence claim.,S017
Jam Family Calendar,direct,active,AI / AUTOMATION,meal suggestions,U,Not established by the reviewed evidence; not an absence claim.,S017
Jam Family Calendar,direct,active,AI / AUTOMATION,shopping suggestions,U,Not established by the reviewed evidence; not an absence claim.,S017
Jam Family Calendar,direct,active,AI / AUTOMATION,household summaries,U,Not established by the reviewed evidence; not an absence claim.,S017
Jam Family Calendar,direct,active,AI / AUTOMATION,conflict detection,U,Not established by the reviewed evidence; not an absence claim.,S017
TimeTree,adjacent,active,IDENTITY / HOUSEHOLD,account creation,Y,Source-backed support in the reviewed product/support evidence.,S020;S092;S093
TimeTree,adjacent,active,IDENTITY / HOUSEHOLD,households/families,P,"Partial, paywalled, role-limited, adjacent, or narrower than the requested feature.",S020;S092;S093
TimeTree,adjacent,active,IDENTITY / HOUSEHOLD,multiple households,P,"Partial, paywalled, role-limited, adjacent, or narrower than the requested feature.",S020;S092;S093
TimeTree,adjacent,active,IDENTITY / HOUSEHOLD,household switching,P,"Partial, paywalled, role-limited, adjacent, or narrower than the requested feature.",S020;S092;S093
TimeTree,adjacent,active,IDENTITY / HOUSEHOLD,invitations,Y,Source-backed support in the reviewed product/support evidence.,S020;S092;S093
TimeTree,adjacent,active,IDENTITY / HOUSEHOLD,adults,Y,Source-backed support in the reviewed product/support evidence.,S020;S092;S093
TimeTree,adjacent,active,IDENTITY / HOUSEHOLD,children,P,"Partial, paywalled, role-limited, adjacent, or narrower than the requested feature.",S020;S092;S093
TimeTree,adjacent,active,IDENTITY / HOUSEHOLD,child accounts,U,Not established by the reviewed evidence; not an absence claim.,S020;S092;S093
TimeTree,adjacent,active,IDENTITY / HOUSEHOLD,users without login,U,Not established by the reviewed evidence; not an absence claim.,S020;S092;S093
TimeTree,adjacent,active,IDENTITY / HOUSEHOLD,grandparents,P,"Partial, paywalled, role-limited, adjacent, or narrower than the requested feature.",S020;S092;S093
TimeTree,adjacent,active,IDENTITY / HOUSEHOLD,babysitters,P,"Partial, paywalled, role-limited, adjacent, or narrower than the requested feature.",S020;S092;S093
TimeTree,adjacent,active,IDENTITY / HOUSEHOLD,caregivers,P,"Partial, paywalled, role-limited, adjacent, or narrower than the requested feature.",S020;S092;S093
TimeTree,adjacent,active,IDENTITY / HOUSEHOLD,guests,P,"Partial, paywalled, role-limited, adjacent, or narrower than the requested feature.",S020;S092;S093
TimeTree,adjacent,active,IDENTITY / HOUSEHOLD,roles,Y,Creator authority and equal permissions for other members are directly documented.,S020;S092;S093
TimeTree,adjacent,active,IDENTITY / HOUSEHOLD,granular permissions,P,"Partial, paywalled, role-limited, adjacent, or narrower than the requested feature.",S020;S092;S093
TimeTree,adjacent,active,IDENTITY / HOUSEHOLD,household ownership,Y,"One Creator/admin lifecycle is directly documented for a shared calendar, not a Household aggregate.",S020;S092;S093
TimeTree,adjacent,active,IDENTITY / HOUSEHOLD,transferring ownership,P,"Partial, paywalled, role-limited, adjacent, or narrower than the requested feature.",S020;S092;S093
TimeTree,adjacent,active,TASKS / CHORES,one-off tasks,U,Not established by the reviewed evidence; not an absence claim.,S019;S020;S021;S022;S092;S093
TimeTree,adjacent,active,TASKS / CHORES,recurring tasks,U,Not established by the reviewed evidence; not an absence claim.,S019;S020;S021;S022;S092;S093
TimeTree,adjacent,active,TASKS / CHORES,assignments,U,Not established by the reviewed evidence; not an absence claim.,S019;S020;S021;S022;S092;S093
TimeTree,adjacent,active,TASKS / CHORES,multiple assignees,U,Not established by the reviewed evidence; not an absence claim.,S019;S020;S021;S022;S092;S093
TimeTree,adjacent,active,TASKS / CHORES,due dates,U,Not established by the reviewed evidence; not an absence claim.,S019;S020;S021;S022;S092;S093
TimeTree,adjacent,active,TASKS / CHORES,reminders,U,Not established by the reviewed evidence; not an absence claim.,S019;S020;S021;S022;S092;S093
TimeTree,adjacent,active,TASKS / CHORES,recurrence patterns,U,Not established by the reviewed evidence; not an absence claim.,S019;S020;S021;S022;S092;S093
TimeTree,adjacent,active,TASKS / CHORES,task templates,U,Not established by the reviewed evidence; not an absence claim.,S019;S020;S021;S022;S092;S093
TimeTree,adjacent,active,TASKS / CHORES,chore rotation,U,Not established by the reviewed evidence; not an absence claim.,S019;S020;S021;S022;S092;S093
TimeTree,adjacent,active,TASKS / CHORES,points/rewards,U,Not established by the reviewed evidence; not an absence claim.,S019;S020;S021;S022;S092;S093
TimeTree,adjacent,active,TASKS / CHORES,approval/completion confirmation,U,Not established by the reviewed evidence; not an absence claim.,S019;S020;S021;S022;S092;S093
TimeTree,adjacent,active,TASKS / CHORES,child-oriented chores,U,Not established by the reviewed evidence; not an absence claim.,S019;S020;S021;S022;S092;S093
TimeTree,adjacent,active,TASKS / CHORES,task history,U,Not established by the reviewed evidence; not an absence claim.,S019;S020;S021;S022;S092;S093
TimeTree,adjacent,active,ROUTINES,morning/evening routines,U,Not established by the reviewed evidence; not an absence claim.,S019;S020;S021;S022;S092;S093
TimeTree,adjacent,active,ROUTINES,recurring household routines,U,Not established by the reviewed evidence; not an absence claim.,S019;S020;S021;S022;S092;S093
TimeTree,adjacent,active,ROUTINES,checklists,U,Not established by the reviewed evidence; not an absence claim.,S019;S020;S021;S022;S092;S093
TimeTree,adjacent,active,ROUTINES,sequential routines,U,Not established by the reviewed evidence; not an absence claim.,S019;S020;S021;S022;S092;S093
TimeTree,adjacent,active,ROUTINES,reusable routine templates,U,Not established by the reviewed evidence; not an absence claim.,S019;S020;S021;S022;S092;S093
TimeTree,adjacent,active,ROUTINES,household automation,U,Not established by the reviewed evidence; not an absence claim.,S019;S020;S021;S022;S092;S093
TimeTree,adjacent,active,CALENDAR,shared calendar,Y,Source-backed support in the reviewed product/support evidence.,S019;S020;S021;S022;S092;S093
TimeTree,adjacent,active,CALENDAR,personal calendars,Y,Source-backed support in the reviewed product/support evidence.,S019;S020;S021;S022;S092;S093
TimeTree,adjacent,active,CALENDAR,household events,Y,Source-backed support in the reviewed product/support evidence.,S019;S020;S021;S022;S092;S093
TimeTree,adjacent,active,CALENDAR,recurring events,Y,Source-backed support in the reviewed product/support evidence.,S019;S020;S021;S022;S092;S093
TimeTree,adjacent,active,CALENDAR,calendar reminders,Y,Source-backed support in the reviewed product/support evidence.,S019;S020;S021;S022;S092;S093
TimeTree,adjacent,active,CALENDAR,external calendar sync,Y,Source-backed support in the reviewed product/support evidence.,S019;S020;S021;S022;S092;S093
TimeTree,adjacent,active,CALENDAR,Google Calendar,Y,Source-backed support in the reviewed product/support evidence.,S019;S020;S021;S022;S092;S093
TimeTree,adjacent,active,CALENDAR,Apple Calendar,Y,Source-backed support in the reviewed product/support evidence.,S019;S020;S021;S022;S092;S093
TimeTree,adjacent,active,CALENDAR,Outlook,Y,Source-backed support in the reviewed product/support evidence.,S019;S020;S021;S022;S092;S093
TimeTree,adjacent,active,CALENDAR,school schedules,P,"Partial, paywalled, role-limited, adjacent, or narrower than the requested feature.",S019;S020;S021;S022;S092;S093
TimeTree,adjacent,active,CALENDAR,pickup/dropoff,P,"Partial, paywalled, role-limited, adjacent, or narrower than the requested feature.",S019;S020;S021;S022;S092;S093
TimeTree,adjacent,active,CALENDAR,event assignments,P,"Partial, paywalled, role-limited, adjacent, or narrower than the requested feature.",S019;S020;S021;S022;S092;S093
TimeTree,adjacent,active,CALENDAR,RSVP,P,"Partial, paywalled, role-limited, adjacent, or narrower than the requested feature.",S019;S020;S021;S022;S092;S093
TimeTree,adjacent,active,CALENDAR,event location,Y,Source-backed support in the reviewed product/support evidence.,S019;S020;S021;S022;S092;S093
TimeTree,adjacent,active,CALENDAR,attachments/notes,Y,Source-backed support in the reviewed product/support evidence.,S019;S020;S021;S022;S092;S093
TimeTree,adjacent,active,TODAY / DASHBOARD,daily overview,Y,Source-backed support in the reviewed product/support evidence.,S019;S020;S021;S022;S092;S093
TimeTree,adjacent,active,TODAY / DASHBOARD,personalized view,Y,Source-backed support in the reviewed product/support evidence.,S019;S020;S021;S022;S092;S093
TimeTree,adjacent,active,TODAY / DASHBOARD,household-wide view,Y,Source-backed support in the reviewed product/support evidence.,S019;S020;S021;S022;S092;S093
TimeTree,adjacent,active,TODAY / DASHBOARD,overdue tasks,U,Not established by the reviewed evidence; not an absence claim.,S019;S020;S021;S022;S092;S093
TimeTree,adjacent,active,TODAY / DASHBOARD,upcoming events,Y,Source-backed support in the reviewed product/support evidence.,S019;S020;S021;S022;S092;S093
TimeTree,adjacent,active,TODAY / DASHBOARD,shopping needs,U,Not established by the reviewed evidence; not an absence claim.,S019;S020;S021;S022;S092;S093
TimeTree,adjacent,active,TODAY / DASHBOARD,dashboard reminders,Y,Source-backed support in the reviewed product/support evidence.,S019;S020;S021;S022;S092;S093
TimeTree,adjacent,active,TODAY / DASHBOARD,proactive suggestions,U,Not established by the reviewed evidence; not an absence claim.,S019;S020;S021;S022;S092;S093
TimeTree,adjacent,active,TODAY / DASHBOARD,priority logic,P,"Partial, paywalled, role-limited, adjacent, or narrower than the requested feature.",S019;S020;S021;S022;S092;S093
TimeTree,adjacent,active,SHOPPING,multiple lists,U,Not established by the reviewed evidence; not an absence claim.,S019;S020;S021;S022;S092;S093
TimeTree,adjacent,active,SHOPPING,realtime collaboration,U,Not established by the reviewed evidence; not an absence claim.,S019;S020;S021;S022;S092;S093
TimeTree,adjacent,active,SHOPPING,shopping assignment,U,Not established by the reviewed evidence; not an absence claim.,S019;S020;S021;S022;S092;S093
TimeTree,adjacent,active,SHOPPING,categories,U,Not established by the reviewed evidence; not an absence claim.,S019;S020;S021;S022;S092;S093
TimeTree,adjacent,active,SHOPPING,recurring purchases,U,Not established by the reviewed evidence; not an absence claim.,S019;S020;S021;S022;S092;S093
TimeTree,adjacent,active,SHOPPING,shopping history,U,Not established by the reviewed evidence; not an absence claim.,S019;S020;S021;S022;S092;S093
TimeTree,adjacent,active,SHOPPING,grocery-specific behavior,U,Not established by the reviewed evidence; not an absence claim.,S019;S020;S021;S022;S092;S093
TimeTree,adjacent,active,SHOPPING,barcode/scanning,U,Not established by the reviewed evidence; not an absence claim.,S019;S020;S021;S022;S092;S093
TimeTree,adjacent,active,SHOPPING,store organization,U,Not established by the reviewed evidence; not an absence claim.,S019;S020;S021;S022;S092;S093
TimeTree,adjacent,active,SHOPPING,intelligent suggestions,U,Not established by the reviewed evidence; not an absence claim.,S019;S020;S021;S022;S092;S093
TimeTree,adjacent,active,MEALS,meal planning,U,Not established by the reviewed evidence; not an absence claim.,S019;S020;S021;S022;S092;S093
TimeTree,adjacent,active,MEALS,recipes,U,Not established by the reviewed evidence; not an absence claim.,S019;S020;S021;S022;S092;S093
TimeTree,adjacent,active,MEALS,shopping integration,U,Not established by the reviewed evidence; not an absence claim.,S019;S020;S021;S022;S092;S093
TimeTree,adjacent,active,MEALS,recurring meals,U,Not established by the reviewed evidence; not an absence claim.,S019;S020;S021;S022;S092;S093
TimeTree,adjacent,active,MEALS,dietary preferences,U,Not established by the reviewed evidence; not an absence claim.,S019;S020;S021;S022;S092;S093
TimeTree,adjacent,active,EXPENSES,shared expenses,U,Not established by the reviewed evidence; not an absence claim.,S019;S020;S021;S022;S092;S093
TimeTree,adjacent,active,EXPENSES,reimbursements,U,Not established by the reviewed evidence; not an absence claim.,S019;S020;S021;S022;S092;S093
TimeTree,adjacent,active,EXPENSES,household budgets,U,Not established by the reviewed evidence; not an absence claim.,S019;S020;S021;S022;S092;S093
TimeTree,adjacent,active,EXPENSES,recurring bills,U,Not established by the reviewed evidence; not an absence claim.,S019;S020;S021;S022;S092;S093
TimeTree,adjacent,active,EXPENSES,payment integration,U,Not established by the reviewed evidence; not an absence claim.,S019;S020;S021;S022;S092;S093
TimeTree,adjacent,active,EXPENSES,receipt handling,U,Not established by the reviewed evidence; not an absence claim.,S019;S020;S021;S022;S092;S093
TimeTree,adjacent,active,HOME MAINTENANCE,maintenance tasks,U,Not established by the reviewed evidence; not an absence claim.,S019;S020;S021;S022;S092;S093
TimeTree,adjacent,active,HOME MAINTENANCE,maintenance schedules,U,Not established by the reviewed evidence; not an absence claim.,S019;S020;S021;S022;S092;S093
TimeTree,adjacent,active,HOME MAINTENANCE,assets/appliances,U,Not established by the reviewed evidence; not an absence claim.,S019;S020;S021;S022;S092;S093
TimeTree,adjacent,active,HOME MAINTENANCE,warranties,U,Not established by the reviewed evidence; not an absence claim.,S019;S020;S021;S022;S092;S093
TimeTree,adjacent,active,HOME MAINTENANCE,documents,U,Not established by the reviewed evidence; not an absence claim.,S019;S020;S021;S022;S092;S093
TimeTree,adjacent,active,HOME MAINTENANCE,service history,U,Not established by the reviewed evidence; not an absence claim.,S019;S020;S021;S022;S092;S093
TimeTree,adjacent,active,HOME MAINTENANCE,contractors,U,Not established by the reviewed evidence; not an absence claim.,S019;S020;S021;S022;S092;S093
TimeTree,adjacent,active,HOME MAINTENANCE,recurring maintenance reminders,U,Not established by the reviewed evidence; not an absence claim.,S019;S020;S021;S022;S092;S093
TimeTree,adjacent,active,COMMUNICATION,household chat,P,"Partial, paywalled, role-limited, adjacent, or narrower than the requested feature.",S019;S020;S021;S022;S092;S093
TimeTree,adjacent,active,COMMUNICATION,comments,Y,Source-backed support in the reviewed product/support evidence.,S019;S020;S021;S022;S092;S093
TimeTree,adjacent,active,COMMUNICATION,task comments,U,Not established by the reviewed evidence; not an absence claim.,S019;S020;S021;S022;S092;S093
TimeTree,adjacent,active,COMMUNICATION,announcements,P,"Partial, paywalled, role-limited, adjacent, or narrower than the requested feature.",S019;S020;S021;S022;S092;S093
TimeTree,adjacent,active,COMMUNICATION,notifications,Y,Source-backed support in the reviewed product/support evidence.,S019;S020;S021;S022;S092;S093
TimeTree,adjacent,active,COMMUNICATION,push notifications,Y,Source-backed support in the reviewed product/support evidence.,S019;S020;S021;S022;S092;S093
TimeTree,adjacent,active,COMMUNICATION,email,U,Not established by the reviewed evidence; not an absence claim.,S019;S020;S021;S022;S092;S093
TimeTree,adjacent,active,COMMUNICATION,activity feed,P,"Partial, paywalled, role-limited, adjacent, or narrower than the requested feature.",S019;S020;S021;S022;S092;S093
TimeTree,adjacent,active,CHILD / FAMILY LOGISTICS,school,P,"Partial, paywalled, role-limited, adjacent, or narrower than the requested feature.",S019;S020;S021;S022;S092;S093
TimeTree,adjacent,active,CHILD / FAMILY LOGISTICS,custody/co-parenting,U,Not established by the reviewed evidence; not an absence claim.,S019;S020;S021;S022;S092;S093
TimeTree,adjacent,active,CHILD / FAMILY LOGISTICS,family pickup/dropoff,P,"Partial, paywalled, role-limited, adjacent, or narrower than the requested feature.",S019;S020;S021;S022;S092;S093
TimeTree,adjacent,active,CHILD / FAMILY LOGISTICS,sports,P,"Partial, paywalled, role-limited, adjacent, or narrower than the requested feature.",S019;S020;S021;S022;S092;S093
TimeTree,adjacent,active,CHILD / FAMILY LOGISTICS,daycare,P,"Partial, paywalled, role-limited, adjacent, or narrower than the requested feature.",S019;S020;S021;S022;S092;S093
TimeTree,adjacent,active,CHILD / FAMILY LOGISTICS,medication reminders,U,Not established by the reviewed evidence; not an absence claim.,S019;S020;S021;S022;S092;S093
TimeTree,adjacent,active,CHILD / FAMILY LOGISTICS,child permissions,U,Not established by the reviewed evidence; not an absence claim.,S019;S020;S021;S022;S092;S093
TimeTree,adjacent,active,CHILD / FAMILY LOGISTICS,family caregivers,P,"Partial, paywalled, role-limited, adjacent, or narrower than the requested feature.",S019;S020;S021;S022;S092;S093
TimeTree,adjacent,active,CONNECTION BETWEEN HOUSEHOLDS,household-to-household connections,P,"Partial, paywalled, role-limited, adjacent, or narrower than the requested feature.",S019;S020;S021;S022;S092;S093
TimeTree,adjacent,active,CONNECTION BETWEEN HOUSEHOLDS,family friends,P,"Partial, paywalled, role-limited, adjacent, or narrower than the requested feature.",S019;S020;S021;S022;S092;S093
TimeTree,adjacent,active,CONNECTION BETWEEN HOUSEHOLDS,relatives,P,"Partial, paywalled, role-limited, adjacent, or narrower than the requested feature.",S019;S020;S021;S022;S092;S093
TimeTree,adjacent,active,CONNECTION BETWEEN HOUSEHOLDS,neighbours,U,Not established by the reviewed evidence; not an absence claim.,S019;S020;S021;S022;S092;S093
TimeTree,adjacent,active,CONNECTION BETWEEN HOUSEHOLDS,trusted household networks,P,"Partial, paywalled, role-limited, adjacent, or narrower than the requested feature.",S019;S020;S021;S022;S092;S093
TimeTree,adjacent,active,CONNECTION BETWEEN HOUSEHOLDS,shared events between households,P,"Partial, paywalled, role-limited, adjacent, or narrower than the requested feature.",S019;S020;S021;S022;S092;S093
TimeTree,adjacent,active,CONNECTION BETWEEN HOUSEHOLDS,shared childcare,U,Not established by the reviewed evidence; not an absence claim.,S019;S020;S021;S022;S092;S093
TimeTree,adjacent,active,CONNECTION BETWEEN HOUSEHOLDS,shared shopping/tasks,U,Not established by the reviewed evidence; not an absence claim.,S019;S020;S021;S022;S092;S093
TimeTree,adjacent,active,CONNECTION BETWEEN HOUSEHOLDS,discovery,U,Not established by the reviewed evidence; not an absence claim.,S019;S020;S021;S022;S092;S093
TimeTree,adjacent,active,CONNECTION BETWEEN HOUSEHOLDS,public/private household profiles,U,Not established by the reviewed evidence; not an absence claim.,S019;S020;S021;S022;S092;S093
TimeTree,adjacent,active,AI / AUTOMATION,AI planning,U,Not established by the reviewed evidence; not an absence claim.,S019;S020;S021;S022
TimeTree,adjacent,active,AI / AUTOMATION,natural-language task creation,U,Not established by the reviewed evidence; not an absence claim.,S019;S020;S021;S022
TimeTree,adjacent,active,AI / AUTOMATION,automatic scheduling,U,Not established by the reviewed evidence; not an absence claim.,S019;S020;S021;S022
TimeTree,adjacent,active,AI / AUTOMATION,recurring rule generation,U,Not established by the reviewed evidence; not an absence claim.,S019;S020;S021;S022
TimeTree,adjacent,active,AI / AUTOMATION,proactive reminders,U,Not established by the reviewed evidence; not an absence claim.,S019;S020;S021;S022
TimeTree,adjacent,active,AI / AUTOMATION,workload balancing,U,Not established by the reviewed evidence; not an absence claim.,S019;S020;S021;S022
TimeTree,adjacent,active,AI / AUTOMATION,meal suggestions,U,Not established by the reviewed evidence; not an absence claim.,S019;S020;S021;S022
TimeTree,adjacent,active,AI / AUTOMATION,shopping suggestions,U,Not established by the reviewed evidence; not an absence claim.,S019;S020;S021;S022
TimeTree,adjacent,active,AI / AUTOMATION,household summaries,U,Not established by the reviewed evidence; not an absence claim.,S019;S020;S021;S022
TimeTree,adjacent,active,AI / AUTOMATION,conflict detection,U,Not established by the reviewed evidence; not an absence claim.,S019;S020;S021;S022
Any.do Family,adjacent,active,IDENTITY / HOUSEHOLD,account creation,Y,Source-backed support in the reviewed product/support evidence.,S026;S027;S028;S094
Any.do Family,adjacent,active,IDENTITY / HOUSEHOLD,households/families,Y,Source-backed support in the reviewed product/support evidence.,S026;S027;S028;S094
Any.do Family,adjacent,active,IDENTITY / HOUSEHOLD,multiple households,P,"Partial, paywalled, role-limited, adjacent, or narrower than the requested feature.",S026;S027;S028;S094
Any.do Family,adjacent,active,IDENTITY / HOUSEHOLD,household switching,P,"Partial, paywalled, role-limited, adjacent, or narrower than the requested feature.",S026;S027;S028;S094
Any.do Family,adjacent,active,IDENTITY / HOUSEHOLD,invitations,Y,Source-backed support in the reviewed product/support evidence.,S026;S027;S028;S094
Any.do Family,adjacent,active,IDENTITY / HOUSEHOLD,adults,Y,Source-backed support in the reviewed product/support evidence.,S026;S027;S028;S094
Any.do Family,adjacent,active,IDENTITY / HOUSEHOLD,children,P,"Partial, paywalled, role-limited, adjacent, or narrower than the requested feature.",S026;S027;S028;S094
Any.do Family,adjacent,active,IDENTITY / HOUSEHOLD,child accounts,U,Not established by the reviewed evidence; not an absence claim.,S026;S027;S028;S094
Any.do Family,adjacent,active,IDENTITY / HOUSEHOLD,users without login,U,Not established by the reviewed evidence; not an absence claim.,S026;S027;S028;S094
Any.do Family,adjacent,active,IDENTITY / HOUSEHOLD,grandparents,P,"Partial, paywalled, role-limited, adjacent, or narrower than the requested feature.",S026;S027;S028;S094
Any.do Family,adjacent,active,IDENTITY / HOUSEHOLD,babysitters,P,"Partial, paywalled, role-limited, adjacent, or narrower than the requested feature.",S026;S027;S028;S094
Any.do Family,adjacent,active,IDENTITY / HOUSEHOLD,caregivers,P,"Partial, paywalled, role-limited, adjacent, or narrower than the requested feature.",S026;S027;S028;S094
Any.do Family,adjacent,active,IDENTITY / HOUSEHOLD,guests,P,"Partial, paywalled, role-limited, adjacent, or narrower than the requested feature.",S026;S027;S028;S094
Any.do Family,adjacent,active,IDENTITY / HOUSEHOLD,roles,Y,Source-backed support in the reviewed product/support evidence.,S026;S027;S028;S094
Any.do Family,adjacent,active,IDENTITY / HOUSEHOLD,granular permissions,Y,Source-backed support in the reviewed product/support evidence.,S026;S027;S028;S094
Any.do Family,adjacent,active,IDENTITY / HOUSEHOLD,household ownership,Y,Source-backed support in the reviewed product/support evidence.,S026;S027;S028;S094
Any.do Family,adjacent,active,IDENTITY / HOUSEHOLD,transferring ownership,U,Not established by the reviewed evidence; not an absence claim.,S026;S027;S028;S094
Any.do Family,adjacent,active,TASKS / CHORES,one-off tasks,Y,Source-backed support in the reviewed product/support evidence.,S026;S027;S028;S094
Any.do Family,adjacent,active,TASKS / CHORES,recurring tasks,Y,Source-backed support in the reviewed product/support evidence.,S026;S027;S028;S094
Any.do Family,adjacent,active,TASKS / CHORES,assignments,Y,Source-backed support in the reviewed product/support evidence.,S026;S027;S028;S094
Any.do Family,adjacent,active,TASKS / CHORES,multiple assignees,Y,Source-backed support in the reviewed product/support evidence.,S026;S027;S028;S094
Any.do Family,adjacent,active,TASKS / CHORES,due dates,Y,Source-backed support in the reviewed product/support evidence.,S026;S027;S028;S094
Any.do Family,adjacent,active,TASKS / CHORES,reminders,Y,Source-backed support in the reviewed product/support evidence.,S026;S027;S028;S094
Any.do Family,adjacent,active,TASKS / CHORES,recurrence patterns,Y,Source-backed support in the reviewed product/support evidence.,S026;S027;S028;S094
Any.do Family,adjacent,active,TASKS / CHORES,task templates,Y,Source-backed support in the reviewed product/support evidence.,S026;S027;S028;S094
Any.do Family,adjacent,active,TASKS / CHORES,chore rotation,P,"Partial, paywalled, role-limited, adjacent, or narrower than the requested feature.",S026;S027;S028;S094
Any.do Family,adjacent,active,TASKS / CHORES,points/rewards,U,Not established by the reviewed evidence; not an absence claim.,S026;S027;S028;S094
Any.do Family,adjacent,active,TASKS / CHORES,approval/completion confirmation,P,"Partial, paywalled, role-limited, adjacent, or narrower than the requested feature.",S026;S027;S028;S094
Any.do Family,adjacent,active,TASKS / CHORES,child-oriented chores,P,"Partial, paywalled, role-limited, adjacent, or narrower than the requested feature.",S026;S027;S028;S094
Any.do Family,adjacent,active,TASKS / CHORES,task history,Y,Source-backed support in the reviewed product/support evidence.,S026;S027;S028;S094
Any.do Family,adjacent,active,ROUTINES,morning/evening routines,P,"Partial, paywalled, role-limited, adjacent, or narrower than the requested feature.",S026;S027;S028;S094
Any.do Family,adjacent,active,ROUTINES,recurring household routines,Y,Source-backed support in the reviewed product/support evidence.,S026;S027;S028;S094
Any.do Family,adjacent,active,ROUTINES,checklists,Y,Source-backed support in the reviewed product/support evidence.,S026;S027;S028;S094
Any.do Family,adjacent,active,ROUTINES,sequential routines,P,"Partial, paywalled, role-limited, adjacent, or narrower than the requested feature.",S026;S027;S028;S094
Any.do Family,adjacent,active,ROUTINES,reusable routine templates,Y,Source-backed support in the reviewed product/support evidence.,S026;S027;S028;S094
Any.do Family,adjacent,active,ROUTINES,household automation,Y,Source-backed support in the reviewed product/support evidence.,S026;S027;S028;S094
Any.do Family,adjacent,active,CALENDAR,shared calendar,Y,Source-backed support in the reviewed product/support evidence.,S026;S027;S028;S094
Any.do Family,adjacent,active,CALENDAR,personal calendars,Y,Source-backed support in the reviewed product/support evidence.,S026;S027;S028;S094
Any.do Family,adjacent,active,CALENDAR,household events,Y,Source-backed support in the reviewed product/support evidence.,S026;S027;S028;S094
Any.do Family,adjacent,active,CALENDAR,recurring events,Y,Source-backed support in the reviewed product/support evidence.,S026;S027;S028;S094
Any.do Family,adjacent,active,CALENDAR,calendar reminders,Y,Source-backed support in the reviewed product/support evidence.,S026;S027;S028;S094
Any.do Family,adjacent,active,CALENDAR,external calendar sync,Y,Source-backed support in the reviewed product/support evidence.,S026;S027;S028;S094
Any.do Family,adjacent,active,CALENDAR,Google Calendar,Y,Source-backed support in the reviewed product/support evidence.,S026;S027;S028;S094
Any.do Family,adjacent,active,CALENDAR,Apple Calendar,Y,Source-backed support in the reviewed product/support evidence.,S026;S027;S028;S094
Any.do Family,adjacent,active,CALENDAR,Outlook,Y,Source-backed support in the reviewed product/support evidence.,S026;S027;S028;S094
Any.do Family,adjacent,active,CALENDAR,school schedules,P,"Partial, paywalled, role-limited, adjacent, or narrower than the requested feature.",S026;S027;S028;S094
Any.do Family,adjacent,active,CALENDAR,pickup/dropoff,P,"Partial, paywalled, role-limited, adjacent, or narrower than the requested feature.",S026;S027;S028;S094
Any.do Family,adjacent,active,CALENDAR,event assignments,Y,Source-backed support in the reviewed product/support evidence.,S026;S027;S028;S094
Any.do Family,adjacent,active,CALENDAR,RSVP,P,"Partial, paywalled, role-limited, adjacent, or narrower than the requested feature.",S026;S027;S028;S094
Any.do Family,adjacent,active,CALENDAR,event location,Y,Source-backed support in the reviewed product/support evidence.,S026;S027;S028;S094
Any.do Family,adjacent,active,CALENDAR,attachments/notes,Y,Source-backed support in the reviewed product/support evidence.,S026;S027;S028;S094
Any.do Family,adjacent,active,TODAY / DASHBOARD,daily overview,Y,Source-backed support in the reviewed product/support evidence.,S026;S027;S028;S094
Any.do Family,adjacent,active,TODAY / DASHBOARD,personalized view,Y,Source-backed support in the reviewed product/support evidence.,S026;S027;S028;S094
Any.do Family,adjacent,active,TODAY / DASHBOARD,household-wide view,Y,Source-backed support in the reviewed product/support evidence.,S026;S027;S028;S094
Any.do Family,adjacent,active,TODAY / DASHBOARD,overdue tasks,Y,Source-backed support in the reviewed product/support evidence.,S026;S027;S028;S094
Any.do Family,adjacent,active,TODAY / DASHBOARD,upcoming events,Y,Source-backed support in the reviewed product/support evidence.,S026;S027;S028;S094
Any.do Family,adjacent,active,TODAY / DASHBOARD,shopping needs,Y,Source-backed support in the reviewed product/support evidence.,S026;S027;S028;S094
Any.do Family,adjacent,active,TODAY / DASHBOARD,dashboard reminders,Y,Source-backed support in the reviewed product/support evidence.,S026;S027;S028;S094
Any.do Family,adjacent,active,TODAY / DASHBOARD,proactive suggestions,P,"Partial, paywalled, role-limited, adjacent, or narrower than the requested feature.",S026;S027;S028;S094
Any.do Family,adjacent,active,TODAY / DASHBOARD,priority logic,Y,Source-backed support in the reviewed product/support evidence.,S026;S027;S028;S094
Any.do Family,adjacent,active,SHOPPING,multiple lists,Y,Source-backed support in the reviewed product/support evidence.,S026;S027;S028;S094
Any.do Family,adjacent,active,SHOPPING,realtime collaboration,Y,Source-backed support in the reviewed product/support evidence.,S026;S027;S028;S094
Any.do Family,adjacent,active,SHOPPING,shopping assignment,Y,Source-backed support in the reviewed product/support evidence.,S026;S027;S028;S094
Any.do Family,adjacent,active,SHOPPING,categories,Y,Source-backed support in the reviewed product/support evidence.,S026;S027;S028;S094
Any.do Family,adjacent,active,SHOPPING,recurring purchases,P,"Partial, paywalled, role-limited, adjacent, or narrower than the requested feature.",S026;S027;S028;S094
Any.do Family,adjacent,active,SHOPPING,shopping history,P,"Partial, paywalled, role-limited, adjacent, or narrower than the requested feature.",S026;S027;S028;S094
Any.do Family,adjacent,active,SHOPPING,grocery-specific behavior,Y,Source-backed support in the reviewed product/support evidence.,S026;S027;S028;S094
Any.do Family,adjacent,active,SHOPPING,barcode/scanning,U,Not established by the reviewed evidence; not an absence claim.,S026;S027;S028;S094
Any.do Family,adjacent,active,SHOPPING,store organization,P,"Partial, paywalled, role-limited, adjacent, or narrower than the requested feature.",S026;S027;S028;S094
Any.do Family,adjacent,active,SHOPPING,intelligent suggestions,P,"Partial, paywalled, role-limited, adjacent, or narrower than the requested feature.",S026;S027;S028;S094
Any.do Family,adjacent,active,MEALS,meal planning,U,Not established by the reviewed evidence; not an absence claim.,S026;S027;S028;S094
Any.do Family,adjacent,active,MEALS,recipes,U,Not established by the reviewed evidence; not an absence claim.,S026;S027;S028;S094
Any.do Family,adjacent,active,MEALS,shopping integration,U,Not established by the reviewed evidence; not an absence claim.,S026;S027;S028;S094
Any.do Family,adjacent,active,MEALS,recurring meals,U,Not established by the reviewed evidence; not an absence claim.,S026;S027;S028;S094
Any.do Family,adjacent,active,MEALS,dietary preferences,U,Not established by the reviewed evidence; not an absence claim.,S026;S027;S028;S094
Any.do Family,adjacent,active,EXPENSES,shared expenses,U,Not established by the reviewed evidence; not an absence claim.,S026;S027;S028;S094
Any.do Family,adjacent,active,EXPENSES,reimbursements,U,Not established by the reviewed evidence; not an absence claim.,S026;S027;S028;S094
Any.do Family,adjacent,active,EXPENSES,household budgets,U,Not established by the reviewed evidence; not an absence claim.,S026;S027;S028;S094
Any.do Family,adjacent,active,EXPENSES,recurring bills,U,Not established by the reviewed evidence; not an absence claim.,S026;S027;S028;S094
Any.do Family,adjacent,active,EXPENSES,payment integration,U,Not established by the reviewed evidence; not an absence claim.,S026;S027;S028;S094
Any.do Family,adjacent,active,EXPENSES,receipt handling,U,Not established by the reviewed evidence; not an absence claim.,S026;S027;S028;S094
Any.do Family,adjacent,active,HOME MAINTENANCE,maintenance tasks,U,Not established by the reviewed evidence; not an absence claim.,S026;S027;S028;S094
Any.do Family,adjacent,active,HOME MAINTENANCE,maintenance schedules,U,Not established by the reviewed evidence; not an absence claim.,S026;S027;S028;S094
Any.do Family,adjacent,active,HOME MAINTENANCE,assets/appliances,U,Not established by the reviewed evidence; not an absence claim.,S026;S027;S028;S094
Any.do Family,adjacent,active,HOME MAINTENANCE,warranties,U,Not established by the reviewed evidence; not an absence claim.,S026;S027;S028;S094
Any.do Family,adjacent,active,HOME MAINTENANCE,documents,U,Not established by the reviewed evidence; not an absence claim.,S026;S027;S028;S094
Any.do Family,adjacent,active,HOME MAINTENANCE,service history,U,Not established by the reviewed evidence; not an absence claim.,S026;S027;S028;S094
Any.do Family,adjacent,active,HOME MAINTENANCE,contractors,U,Not established by the reviewed evidence; not an absence claim.,S026;S027;S028;S094
Any.do Family,adjacent,active,HOME MAINTENANCE,recurring maintenance reminders,U,Not established by the reviewed evidence; not an absence claim.,S026;S027;S028;S094
Any.do Family,adjacent,active,COMMUNICATION,household chat,P,"Chat is board/task-scoped, not an independent household-wide channel.",S094
Any.do Family,adjacent,active,COMMUNICATION,comments,Y,Source-backed support in the reviewed product/support evidence.,S094
Any.do Family,adjacent,active,COMMUNICATION,task comments,Y,Source-backed support in the reviewed product/support evidence.,S094
Any.do Family,adjacent,active,COMMUNICATION,announcements,P,@Everyone within a board is narrower than a household announcement channel.,S094
Any.do Family,adjacent,active,COMMUNICATION,notifications,Y,Source-backed support in the reviewed product/support evidence.,S094
Any.do Family,adjacent,active,COMMUNICATION,push notifications,U,Not established by the reviewed evidence; not an absence claim.,S094
Any.do Family,adjacent,active,COMMUNICATION,email,Y,Source-backed support in the reviewed product/support evidence.,S094
Any.do Family,adjacent,active,COMMUNICATION,activity feed,Y,Source-backed support in the reviewed product/support evidence.,S094
Any.do Family,adjacent,active,CHILD / FAMILY LOGISTICS,school,P,"Partial, paywalled, role-limited, adjacent, or narrower than the requested feature.",S026;S027;S028;S094
Any.do Family,adjacent,active,CHILD / FAMILY LOGISTICS,custody/co-parenting,U,Not established by the reviewed evidence; not an absence claim.,S026;S027;S028;S094
Any.do Family,adjacent,active,CHILD / FAMILY LOGISTICS,family pickup/dropoff,P,"Partial, paywalled, role-limited, adjacent, or narrower than the requested feature.",S026;S027;S028;S094
Any.do Family,adjacent,active,CHILD / FAMILY LOGISTICS,sports,P,"Partial, paywalled, role-limited, adjacent, or narrower than the requested feature.",S026;S027;S028;S094
Any.do Family,adjacent,active,CHILD / FAMILY LOGISTICS,daycare,P,"Partial, paywalled, role-limited, adjacent, or narrower than the requested feature.",S026;S027;S028;S094
Any.do Family,adjacent,active,CHILD / FAMILY LOGISTICS,medication reminders,U,Not established by the reviewed evidence; not an absence claim.,S026;S027;S028;S094
Any.do Family,adjacent,active,CHILD / FAMILY LOGISTICS,child permissions,U,Not established by the reviewed evidence; not an absence claim.,S026;S027;S028;S094
Any.do Family,adjacent,active,CHILD / FAMILY LOGISTICS,family caregivers,P,"Partial, paywalled, role-limited, adjacent, or narrower than the requested feature.",S026;S027;S028;S094
Any.do Family,adjacent,active,CONNECTION BETWEEN HOUSEHOLDS,household-to-household connections,U,Not established by the reviewed evidence; not an absence claim.,S026;S027;S028;S094
Any.do Family,adjacent,active,CONNECTION BETWEEN HOUSEHOLDS,family friends,U,Not established by the reviewed evidence; not an absence claim.,S026;S027;S028;S094
Any.do Family,adjacent,active,CONNECTION BETWEEN HOUSEHOLDS,relatives,U,Not established by the reviewed evidence; not an absence claim.,S026;S027;S028;S094
Any.do Family,adjacent,active,CONNECTION BETWEEN HOUSEHOLDS,neighbours,U,Not established by the reviewed evidence; not an absence claim.,S026;S027;S028;S094
Any.do Family,adjacent,active,CONNECTION BETWEEN HOUSEHOLDS,trusted household networks,U,Not established by the reviewed evidence; not an absence claim.,S026;S027;S028;S094
Any.do Family,adjacent,active,CONNECTION BETWEEN HOUSEHOLDS,shared events between households,U,Not established by the reviewed evidence; not an absence claim.,S026;S027;S028;S094
Any.do Family,adjacent,active,CONNECTION BETWEEN HOUSEHOLDS,shared childcare,U,Not established by the reviewed evidence; not an absence claim.,S026;S027;S028;S094
Any.do Family,adjacent,active,CONNECTION BETWEEN HOUSEHOLDS,shared shopping/tasks,U,Not established by the reviewed evidence; not an absence claim.,S026;S027;S028;S094
Any.do Family,adjacent,active,CONNECTION BETWEEN HOUSEHOLDS,discovery,U,Not established by the reviewed evidence; not an absence claim.,S026;S027;S028;S094
Any.do Family,adjacent,active,CONNECTION BETWEEN HOUSEHOLDS,public/private household profiles,U,Not established by the reviewed evidence; not an absence claim.,S026;S027;S028;S094
Any.do Family,adjacent,active,AI / AUTOMATION,AI planning,U,Not established by the reviewed evidence; not an absence claim.,S026
Any.do Family,adjacent,active,AI / AUTOMATION,natural-language task creation,U,Not established by the reviewed evidence; not an absence claim.,S026
Any.do Family,adjacent,active,AI / AUTOMATION,automatic scheduling,U,Not established by the reviewed evidence; not an absence claim.,S026
Any.do Family,adjacent,active,AI / AUTOMATION,recurring rule generation,U,Not established by the reviewed evidence; not an absence claim.,S026
Any.do Family,adjacent,active,AI / AUTOMATION,proactive reminders,U,Not established by the reviewed evidence; not an absence claim.,S026
Any.do Family,adjacent,active,AI / AUTOMATION,workload balancing,U,Not established by the reviewed evidence; not an absence claim.,S026
Any.do Family,adjacent,active,AI / AUTOMATION,meal suggestions,U,Not established by the reviewed evidence; not an absence claim.,S026
Any.do Family,adjacent,active,AI / AUTOMATION,shopping suggestions,U,Not established by the reviewed evidence; not an absence claim.,S026
Any.do Family,adjacent,active,AI / AUTOMATION,household summaries,U,Not established by the reviewed evidence; not an absence claim.,S026
Any.do Family,adjacent,active,AI / AUTOMATION,conflict detection,U,Not established by the reviewed evidence; not an absence claim.,S026
Ohai.ai,direct,active,IDENTITY / HOUSEHOLD,account creation,Y,Source-backed support in the reviewed product/support evidence.,S030;S076
Ohai.ai,direct,active,IDENTITY / HOUSEHOLD,households/families,P,"Partial, paywalled, role-limited, adjacent, or narrower than the requested feature.",S030;S076
Ohai.ai,direct,active,IDENTITY / HOUSEHOLD,multiple households,U,Not established by the reviewed evidence; not an absence claim.,S030;S076
Ohai.ai,direct,active,IDENTITY / HOUSEHOLD,household switching,U,Not established by the reviewed evidence; not an absence claim.,S030;S076
Ohai.ai,direct,active,IDENTITY / HOUSEHOLD,invitations,P,"Partial, paywalled, role-limited, adjacent, or narrower than the requested feature.",S030;S076
Ohai.ai,direct,active,IDENTITY / HOUSEHOLD,adults,Y,Source-backed support in the reviewed product/support evidence.,S030;S076
Ohai.ai,direct,active,IDENTITY / HOUSEHOLD,children,P,"Partial, paywalled, role-limited, adjacent, or narrower than the requested feature.",S030;S076
Ohai.ai,direct,active,IDENTITY / HOUSEHOLD,child accounts,U,Not established by the reviewed evidence; not an absence claim.,S030;S076
Ohai.ai,direct,active,IDENTITY / HOUSEHOLD,users without login,U,Not established by the reviewed evidence; not an absence claim.,S030;S076
Ohai.ai,direct,active,IDENTITY / HOUSEHOLD,grandparents,U,Not established by the reviewed evidence; not an absence claim.,S030;S076
Ohai.ai,direct,active,IDENTITY / HOUSEHOLD,babysitters,U,Not established by the reviewed evidence; not an absence claim.,S030;S076
Ohai.ai,direct,active,IDENTITY / HOUSEHOLD,caregivers,P,"Partial, paywalled, role-limited, adjacent, or narrower than the requested feature.",S030;S076
Ohai.ai,direct,active,IDENTITY / HOUSEHOLD,guests,U,Not established by the reviewed evidence; not an absence claim.,S030;S076
Ohai.ai,direct,active,IDENTITY / HOUSEHOLD,roles,U,Not established by the reviewed evidence; not an absence claim.,S030;S076
Ohai.ai,direct,active,IDENTITY / HOUSEHOLD,granular permissions,U,Not established by the reviewed evidence; not an absence claim.,S030;S076
Ohai.ai,direct,active,IDENTITY / HOUSEHOLD,household ownership,U,Not established by the reviewed evidence; not an absence claim.,S030;S076
Ohai.ai,direct,active,IDENTITY / HOUSEHOLD,transferring ownership,U,Not established by the reviewed evidence; not an absence claim.,S030;S076
Ohai.ai,direct,active,TASKS / CHORES,one-off tasks,Y,Source-backed support in the reviewed product/support evidence.,S030;S076
Ohai.ai,direct,active,TASKS / CHORES,recurring tasks,P,"Partial, paywalled, role-limited, adjacent, or narrower than the requested feature.",S030;S076
Ohai.ai,direct,active,TASKS / CHORES,assignments,P,"Partial, paywalled, role-limited, adjacent, or narrower than the requested feature.",S030;S076
Ohai.ai,direct,active,TASKS / CHORES,multiple assignees,U,Not established by the reviewed evidence; not an absence claim.,S030;S076
Ohai.ai,direct,active,TASKS / CHORES,due dates,Y,Source-backed support in the reviewed product/support evidence.,S030;S076
Ohai.ai,direct,active,TASKS / CHORES,reminders,Y,Source-backed support in the reviewed product/support evidence.,S030;S076
Ohai.ai,direct,active,TASKS / CHORES,recurrence patterns,P,"Partial, paywalled, role-limited, adjacent, or narrower than the requested feature.",S030;S076
Ohai.ai,direct,active,TASKS / CHORES,task templates,P,"Partial, paywalled, role-limited, adjacent, or narrower than the requested feature.",S030;S076
Ohai.ai,direct,active,TASKS / CHORES,chore rotation,U,Not established by the reviewed evidence; not an absence claim.,S030;S076
Ohai.ai,direct,active,TASKS / CHORES,points/rewards,U,Not established by the reviewed evidence; not an absence claim.,S030;S076
Ohai.ai,direct,active,TASKS / CHORES,approval/completion confirmation,U,Not established by the reviewed evidence; not an absence claim.,S030;S076
Ohai.ai,direct,active,TASKS / CHORES,child-oriented chores,U,Not established by the reviewed evidence; not an absence claim.,S030;S076
Ohai.ai,direct,active,TASKS / CHORES,task history,P,"Partial, paywalled, role-limited, adjacent, or narrower than the requested feature.",S030;S076
Ohai.ai,direct,active,ROUTINES,morning/evening routines,U,Not established by the reviewed evidence; not an absence claim.,S030;S076
Ohai.ai,direct,active,ROUTINES,recurring household routines,P,"Partial, paywalled, role-limited, adjacent, or narrower than the requested feature.",S030;S076
Ohai.ai,direct,active,ROUTINES,checklists,P,"Partial, paywalled, role-limited, adjacent, or narrower than the requested feature.",S030;S076
Ohai.ai,direct,active,ROUTINES,sequential routines,U,Not established by the reviewed evidence; not an absence claim.,S030;S076
Ohai.ai,direct,active,ROUTINES,reusable routine templates,U,Not established by the reviewed evidence; not an absence claim.,S030;S076
Ohai.ai,direct,active,ROUTINES,household automation,P,"Partial, paywalled, role-limited, adjacent, or narrower than the requested feature.",S030;S076
Ohai.ai,direct,active,CALENDAR,shared calendar,Y,Source-backed support in the reviewed product/support evidence.,S030;S076
Ohai.ai,direct,active,CALENDAR,personal calendars,Y,Source-backed support in the reviewed product/support evidence.,S030;S076
Ohai.ai,direct,active,CALENDAR,household events,Y,Source-backed support in the reviewed product/support evidence.,S030;S076
Ohai.ai,direct,active,CALENDAR,recurring events,P,"Partial, paywalled, role-limited, adjacent, or narrower than the requested feature.",S030;S076
Ohai.ai,direct,active,CALENDAR,calendar reminders,Y,Source-backed support in the reviewed product/support evidence.,S030;S076
Ohai.ai,direct,active,CALENDAR,external calendar sync,Y,Source-backed support in the reviewed product/support evidence.,S030;S076
Ohai.ai,direct,active,CALENDAR,Google Calendar,Y,Source-backed support in the reviewed product/support evidence.,S030;S076
Ohai.ai,direct,active,CALENDAR,Apple Calendar,Y,Source-backed support in the reviewed product/support evidence.,S030;S076
Ohai.ai,direct,active,CALENDAR,Outlook,Y,Source-backed support in the reviewed product/support evidence.,S030;S076
Ohai.ai,direct,active,CALENDAR,school schedules,P,"Partial, paywalled, role-limited, adjacent, or narrower than the requested feature.",S030;S076
Ohai.ai,direct,active,CALENDAR,pickup/dropoff,P,"Partial, paywalled, role-limited, adjacent, or narrower than the requested feature.",S030;S076
Ohai.ai,direct,active,CALENDAR,event assignments,P,"Partial, paywalled, role-limited, adjacent, or narrower than the requested feature.",S030;S076
Ohai.ai,direct,active,CALENDAR,RSVP,U,Not established by the reviewed evidence; not an absence claim.,S030;S076
Ohai.ai,direct,active,CALENDAR,event location,P,"Partial, paywalled, role-limited, adjacent, or narrower than the requested feature.",S030;S076
Ohai.ai,direct,active,CALENDAR,attachments/notes,Y,Source-backed support in the reviewed product/support evidence.,S030;S076
Ohai.ai,direct,active,TODAY / DASHBOARD,daily overview,Y,Source-backed support in the reviewed product/support evidence.,S030;S076
Ohai.ai,direct,active,TODAY / DASHBOARD,personalized view,Y,Source-backed support in the reviewed product/support evidence.,S030;S076
Ohai.ai,direct,active,TODAY / DASHBOARD,household-wide view,Y,Source-backed support in the reviewed product/support evidence.,S030;S076
Ohai.ai,direct,active,TODAY / DASHBOARD,overdue tasks,P,"Partial, paywalled, role-limited, adjacent, or narrower than the requested feature.",S030;S076
Ohai.ai,direct,active,TODAY / DASHBOARD,upcoming events,Y,Source-backed support in the reviewed product/support evidence.,S030;S076
Ohai.ai,direct,active,TODAY / DASHBOARD,shopping needs,P,"Partial, paywalled, role-limited, adjacent, or narrower than the requested feature.",S030;S076
Ohai.ai,direct,active,TODAY / DASHBOARD,dashboard reminders,Y,Source-backed support in the reviewed product/support evidence.,S030;S076
Ohai.ai,direct,active,TODAY / DASHBOARD,proactive suggestions,Y,Source-backed support in the reviewed product/support evidence.,S030;S076
Ohai.ai,direct,active,TODAY / DASHBOARD,priority logic,Y,Source-backed support in the reviewed product/support evidence.,S030;S076
Ohai.ai,direct,active,SHOPPING,multiple lists,P,"Partial, paywalled, role-limited, adjacent, or narrower than the requested feature.",S030;S076
Ohai.ai,direct,active,SHOPPING,realtime collaboration,P,"Partial, paywalled, role-limited, adjacent, or narrower than the requested feature.",S030;S076
Ohai.ai,direct,active,SHOPPING,shopping assignment,U,Not established by the reviewed evidence; not an absence claim.,S030;S076
Ohai.ai,direct,active,SHOPPING,categories,P,"Partial, paywalled, role-limited, adjacent, or narrower than the requested feature.",S030;S076
Ohai.ai,direct,active,SHOPPING,recurring purchases,U,Not established by the reviewed evidence; not an absence claim.,S030;S076
Ohai.ai,direct,active,SHOPPING,shopping history,U,Not established by the reviewed evidence; not an absence claim.,S030;S076
Ohai.ai,direct,active,SHOPPING,grocery-specific behavior,P,"Partial, paywalled, role-limited, adjacent, or narrower than the requested feature.",S030;S076
Ohai.ai,direct,active,SHOPPING,barcode/scanning,U,Not established by the reviewed evidence; not an absence claim.,S030;S076
Ohai.ai,direct,active,SHOPPING,store organization,U,Not established by the reviewed evidence; not an absence claim.,S030;S076
Ohai.ai,direct,active,SHOPPING,intelligent suggestions,P,"Partial, paywalled, role-limited, adjacent, or narrower than the requested feature.",S030;S076
Ohai.ai,direct,active,MEALS,meal planning,Y,Source-backed support in the reviewed product/support evidence.,S030;S076
Ohai.ai,direct,active,MEALS,recipes,P,"Partial, paywalled, role-limited, adjacent, or narrower than the requested feature.",S030;S076
Ohai.ai,direct,active,MEALS,shopping integration,Y,Source-backed support in the reviewed product/support evidence.,S030;S076
Ohai.ai,direct,active,MEALS,recurring meals,U,Not established by the reviewed evidence; not an absence claim.,S030;S076
Ohai.ai,direct,active,MEALS,dietary preferences,P,"Partial, paywalled, role-limited, adjacent, or narrower than the requested feature.",S030;S076
Ohai.ai,direct,active,EXPENSES,shared expenses,U,Not established by the reviewed evidence; not an absence claim.,S030;S076
Ohai.ai,direct,active,EXPENSES,reimbursements,U,Not established by the reviewed evidence; not an absence claim.,S030;S076
Ohai.ai,direct,active,EXPENSES,household budgets,U,Not established by the reviewed evidence; not an absence claim.,S030;S076
Ohai.ai,direct,active,EXPENSES,recurring bills,U,Not established by the reviewed evidence; not an absence claim.,S030;S076
Ohai.ai,direct,active,EXPENSES,payment integration,U,Not established by the reviewed evidence; not an absence claim.,S030;S076
Ohai.ai,direct,active,EXPENSES,receipt handling,U,Not established by the reviewed evidence; not an absence claim.,S030;S076
Ohai.ai,direct,active,HOME MAINTENANCE,maintenance tasks,U,Not established by the reviewed evidence; not an absence claim.,S030;S076
Ohai.ai,direct,active,HOME MAINTENANCE,maintenance schedules,U,Not established by the reviewed evidence; not an absence claim.,S030;S076
Ohai.ai,direct,active,HOME MAINTENANCE,assets/appliances,U,Not established by the reviewed evidence; not an absence claim.,S030;S076
Ohai.ai,direct,active,HOME MAINTENANCE,warranties,U,Not established by the reviewed evidence; not an absence claim.,S030;S076
Ohai.ai,direct,active,HOME MAINTENANCE,documents,U,Not established by the reviewed evidence; not an absence claim.,S030;S076
Ohai.ai,direct,active,HOME MAINTENANCE,service history,U,Not established by the reviewed evidence; not an absence claim.,S030;S076
Ohai.ai,direct,active,HOME MAINTENANCE,contractors,U,Not established by the reviewed evidence; not an absence claim.,S030;S076
Ohai.ai,direct,active,HOME MAINTENANCE,recurring maintenance reminders,U,Not established by the reviewed evidence; not an absence claim.,S030;S076
Ohai.ai,direct,active,COMMUNICATION,household chat,U,Not established by the reviewed evidence; not an absence claim.,S030;S076
Ohai.ai,direct,active,COMMUNICATION,comments,U,Not established by the reviewed evidence; not an absence claim.,S030;S076
Ohai.ai,direct,active,COMMUNICATION,task comments,U,Not established by the reviewed evidence; not an absence claim.,S030;S076
Ohai.ai,direct,active,COMMUNICATION,announcements,P,"Partial, paywalled, role-limited, adjacent, or narrower than the requested feature.",S030;S076
Ohai.ai,direct,active,COMMUNICATION,notifications,Y,Source-backed support in the reviewed product/support evidence.,S030;S076
Ohai.ai,direct,active,COMMUNICATION,push notifications,U,Not established by the reviewed evidence; not an absence claim.,S030;S076
Ohai.ai,direct,active,COMMUNICATION,email,P,"Partial, paywalled, role-limited, adjacent, or narrower than the requested feature.",S030;S076
Ohai.ai,direct,active,COMMUNICATION,activity feed,U,Not established by the reviewed evidence; not an absence claim.,S030;S076
Ohai.ai,direct,active,CHILD / FAMILY LOGISTICS,school,U,Not established by the reviewed evidence; not an absence claim.,S030;S076
Ohai.ai,direct,active,CHILD / FAMILY LOGISTICS,custody/co-parenting,U,Not established by the reviewed evidence; not an absence claim.,S030;S076
Ohai.ai,direct,active,CHILD / FAMILY LOGISTICS,family pickup/dropoff,U,Not established by the reviewed evidence; not an absence claim.,S030;S076
Ohai.ai,direct,active,CHILD / FAMILY LOGISTICS,sports,U,Not established by the reviewed evidence; not an absence claim.,S030;S076
Ohai.ai,direct,active,CHILD / FAMILY LOGISTICS,daycare,U,Not established by the reviewed evidence; not an absence claim.,S030;S076
Ohai.ai,direct,active,CHILD / FAMILY LOGISTICS,medication reminders,U,Not established by the reviewed evidence; not an absence claim.,S030;S076
Ohai.ai,direct,active,CHILD / FAMILY LOGISTICS,child permissions,U,Not established by the reviewed evidence; not an absence claim.,S030;S076
Ohai.ai,direct,active,CHILD / FAMILY LOGISTICS,family caregivers,U,Not established by the reviewed evidence; not an absence claim.,S030;S076
Ohai.ai,direct,active,CONNECTION BETWEEN HOUSEHOLDS,household-to-household connections,P,"Co-parent/caregiver coordination across households is described, but no linked Household-aggregate model is established.",S030;S076
Ohai.ai,direct,active,CONNECTION BETWEEN HOUSEHOLDS,family friends,U,Not established by the reviewed evidence; not an absence claim.,S030;S076
Ohai.ai,direct,active,CONNECTION BETWEEN HOUSEHOLDS,relatives,U,Not established by the reviewed evidence; not an absence claim.,S030;S076
Ohai.ai,direct,active,CONNECTION BETWEEN HOUSEHOLDS,neighbours,U,Not established by the reviewed evidence; not an absence claim.,S030;S076
Ohai.ai,direct,active,CONNECTION BETWEEN HOUSEHOLDS,trusted household networks,U,Not established by the reviewed evidence; not an absence claim.,S030;S076
Ohai.ai,direct,active,CONNECTION BETWEEN HOUSEHOLDS,shared events between households,P,"Cross-household coordination is described, but event ownership/sharing semantics are not public.",S030;S076
Ohai.ai,direct,active,CONNECTION BETWEEN HOUSEHOLDS,shared childcare,U,Not established by the reviewed evidence; not an absence claim.,S030;S076
Ohai.ai,direct,active,CONNECTION BETWEEN HOUSEHOLDS,shared shopping/tasks,U,Not established by the reviewed evidence; not an absence claim.,S030;S076
Ohai.ai,direct,active,CONNECTION BETWEEN HOUSEHOLDS,discovery,U,Not established by the reviewed evidence; not an absence claim.,S030;S076
Ohai.ai,direct,active,CONNECTION BETWEEN HOUSEHOLDS,public/private household profiles,U,Not established by the reviewed evidence; not an absence claim.,S030;S076
Ohai.ai,direct,active,AI / AUTOMATION,AI planning,Y,Official product material directly describes AI household planning.,S030;S076
Ohai.ai,direct,active,AI / AUTOMATION,natural-language task creation,Y,Text input can become structured tasks with due dates and assignments.,S030;S076
Ohai.ai,direct,active,AI / AUTOMATION,automatic scheduling,P,Calendar insertion and finding available times are narrower than autonomous scheduling.,S030;S076
Ohai.ai,direct,active,AI / AUTOMATION,recurring rule generation,U,Not established by the reviewed evidence; not an absence claim.,S030;S076
Ohai.ai,direct,active,AI / AUTOMATION,proactive reminders,P,"Smart follow-ups are evidenced, but not a fully specified proactive reminder engine.",S030;S076
Ohai.ai,direct,active,AI / AUTOMATION,workload balancing,U,Not established by the reviewed evidence; not an absence claim.,S030;S076
Ohai.ai,direct,active,AI / AUTOMATION,meal suggestions,Y,Meal recommendations are directly described.,S030;S076
Ohai.ai,direct,active,AI / AUTOMATION,shopping suggestions,P,Generated grocery lists are narrower than general shopping recommendations.,S030;S076
Ohai.ai,direct,active,AI / AUTOMATION,household summaries,Y,Daily summaries are directly described.,S030;S076
Ohai.ai,direct,active,AI / AUTOMATION,conflict detection,Y,Official material describes schedule conflict resolution.,S030;S076
Sweepy,specialist,active,IDENTITY / HOUSEHOLD,account creation,Y,Source-backed support in the reviewed product/support evidence.,S032;S033
Sweepy,specialist,active,IDENTITY / HOUSEHOLD,households/families,Y,Source-backed support in the reviewed product/support evidence.,S032;S033
Sweepy,specialist,active,IDENTITY / HOUSEHOLD,multiple households,P,"Partial, paywalled, role-limited, adjacent, or narrower than the requested feature.",S032;S033
Sweepy,specialist,active,IDENTITY / HOUSEHOLD,household switching,P,"Partial, paywalled, role-limited, adjacent, or narrower than the requested feature.",S032;S033
Sweepy,specialist,active,IDENTITY / HOUSEHOLD,invitations,Y,Source-backed support in the reviewed product/support evidence.,S032;S033
Sweepy,specialist,active,IDENTITY / HOUSEHOLD,adults,Y,Source-backed support in the reviewed product/support evidence.,S032;S033
Sweepy,specialist,active,IDENTITY / HOUSEHOLD,children,Y,Source-backed support in the reviewed product/support evidence.,S032;S033
Sweepy,specialist,active,IDENTITY / HOUSEHOLD,child accounts,P,"Partial, paywalled, role-limited, adjacent, or narrower than the requested feature.",S032;S033
Sweepy,specialist,active,IDENTITY / HOUSEHOLD,users without login,U,Not established by the reviewed evidence; not an absence claim.,S032;S033
Sweepy,specialist,active,IDENTITY / HOUSEHOLD,grandparents,U,Not established by the reviewed evidence; not an absence claim.,S032;S033
Sweepy,specialist,active,IDENTITY / HOUSEHOLD,babysitters,U,Not established by the reviewed evidence; not an absence claim.,S032;S033
Sweepy,specialist,active,IDENTITY / HOUSEHOLD,caregivers,U,Not established by the reviewed evidence; not an absence claim.,S032;S033
Sweepy,specialist,active,IDENTITY / HOUSEHOLD,guests,U,Not established by the reviewed evidence; not an absence claim.,S032;S033
Sweepy,specialist,active,IDENTITY / HOUSEHOLD,roles,P,"Partial, paywalled, role-limited, adjacent, or narrower than the requested feature.",S032;S033
Sweepy,specialist,active,IDENTITY / HOUSEHOLD,granular permissions,P,"Partial, paywalled, role-limited, adjacent, or narrower than the requested feature.",S032;S033
Sweepy,specialist,active,IDENTITY / HOUSEHOLD,household ownership,U,Not established by the reviewed evidence; not an absence claim.,S032;S033
Sweepy,specialist,active,IDENTITY / HOUSEHOLD,transferring ownership,U,Not established by the reviewed evidence; not an absence claim.,S032;S033
Sweepy,specialist,active,TASKS / CHORES,one-off tasks,Y,Source-backed support in the reviewed product/support evidence.,S032;S033
Sweepy,specialist,active,TASKS / CHORES,recurring tasks,Y,Source-backed support in the reviewed product/support evidence.,S032;S033
Sweepy,specialist,active,TASKS / CHORES,assignments,Y,Source-backed support in the reviewed product/support evidence.,S032;S033
Sweepy,specialist,active,TASKS / CHORES,multiple assignees,P,"Partial, paywalled, role-limited, adjacent, or narrower than the requested feature.",S032;S033
Sweepy,specialist,active,TASKS / CHORES,due dates,Y,Source-backed support in the reviewed product/support evidence.,S032;S033
Sweepy,specialist,active,TASKS / CHORES,reminders,U,Not established by the reviewed evidence; not an absence claim.,S032;S033
Sweepy,specialist,active,TASKS / CHORES,recurrence patterns,Y,Source-backed support in the reviewed product/support evidence.,S032;S033
Sweepy,specialist,active,TASKS / CHORES,task templates,Y,Source-backed support in the reviewed product/support evidence.,S032;S033
Sweepy,specialist,active,TASKS / CHORES,chore rotation,Y,Source-backed support in the reviewed product/support evidence.,S032;S033
Sweepy,specialist,active,TASKS / CHORES,points/rewards,Y,Source-backed support in the reviewed product/support evidence.,S032;S033
Sweepy,specialist,active,TASKS / CHORES,approval/completion confirmation,Y,Source-backed support in the reviewed product/support evidence.,S032;S033
Sweepy,specialist,active,TASKS / CHORES,child-oriented chores,Y,Source-backed support in the reviewed product/support evidence.,S032;S033
Sweepy,specialist,active,TASKS / CHORES,task history,Y,Source-backed support in the reviewed product/support evidence.,S032;S033
Sweepy,specialist,active,ROUTINES,morning/evening routines,Y,Source-backed support in the reviewed product/support evidence.,S032;S033
Sweepy,specialist,active,ROUTINES,recurring household routines,Y,Source-backed support in the reviewed product/support evidence.,S032;S033
Sweepy,specialist,active,ROUTINES,checklists,Y,Source-backed support in the reviewed product/support evidence.,S032;S033
Sweepy,specialist,active,ROUTINES,sequential routines,P,"Partial, paywalled, role-limited, adjacent, or narrower than the requested feature.",S032;S033
Sweepy,specialist,active,ROUTINES,reusable routine templates,Y,Source-backed support in the reviewed product/support evidence.,S032;S033
Sweepy,specialist,active,ROUTINES,household automation,Y,Source-backed support in the reviewed product/support evidence.,S032;S033
Sweepy,specialist,active,CALENDAR,shared calendar,U,Not established by the reviewed evidence; not an absence claim.,S032;S033
Sweepy,specialist,active,CALENDAR,personal calendars,U,Not established by the reviewed evidence; not an absence claim.,S032;S033
Sweepy,specialist,active,CALENDAR,household events,U,Not established by the reviewed evidence; not an absence claim.,S032;S033
Sweepy,specialist,active,CALENDAR,recurring events,U,Not established by the reviewed evidence; not an absence claim.,S032;S033
Sweepy,specialist,active,CALENDAR,calendar reminders,U,Not established by the reviewed evidence; not an absence claim.,S032;S033
Sweepy,specialist,active,CALENDAR,external calendar sync,U,Not established by the reviewed evidence; not an absence claim.,S032;S033
Sweepy,specialist,active,CALENDAR,Google Calendar,U,Not established by the reviewed evidence; not an absence claim.,S032;S033
Sweepy,specialist,active,CALENDAR,Apple Calendar,U,Not established by the reviewed evidence; not an absence claim.,S032;S033
Sweepy,specialist,active,CALENDAR,Outlook,U,Not established by the reviewed evidence; not an absence claim.,S032;S033
Sweepy,specialist,active,CALENDAR,school schedules,U,Not established by the reviewed evidence; not an absence claim.,S032;S033
Sweepy,specialist,active,CALENDAR,pickup/dropoff,U,Not established by the reviewed evidence; not an absence claim.,S032;S033
Sweepy,specialist,active,CALENDAR,event assignments,U,Not established by the reviewed evidence; not an absence claim.,S032;S033
Sweepy,specialist,active,CALENDAR,RSVP,U,Not established by the reviewed evidence; not an absence claim.,S032;S033
Sweepy,specialist,active,CALENDAR,event location,U,Not established by the reviewed evidence; not an absence claim.,S032;S033
Sweepy,specialist,active,CALENDAR,attachments/notes,U,Not established by the reviewed evidence; not an absence claim.,S032;S033
Sweepy,specialist,active,TODAY / DASHBOARD,daily overview,Y,Source-backed support in the reviewed product/support evidence.,S032;S033
Sweepy,specialist,active,TODAY / DASHBOARD,personalized view,Y,Source-backed support in the reviewed product/support evidence.,S032;S033
Sweepy,specialist,active,TODAY / DASHBOARD,household-wide view,Y,Source-backed support in the reviewed product/support evidence.,S032;S033
Sweepy,specialist,active,TODAY / DASHBOARD,overdue tasks,Y,Source-backed support in the reviewed product/support evidence.,S032;S033
Sweepy,specialist,active,TODAY / DASHBOARD,upcoming events,U,Not established by the reviewed evidence; not an absence claim.,S032;S033
Sweepy,specialist,active,TODAY / DASHBOARD,shopping needs,U,Not established by the reviewed evidence; not an absence claim.,S032;S033
Sweepy,specialist,active,TODAY / DASHBOARD,dashboard reminders,U,Not established by the reviewed evidence; not an absence claim.,S032;S033
Sweepy,specialist,active,TODAY / DASHBOARD,proactive suggestions,P,"Partial, paywalled, role-limited, adjacent, or narrower than the requested feature.",S032;S033
Sweepy,specialist,active,TODAY / DASHBOARD,priority logic,Y,Source-backed support in the reviewed product/support evidence.,S032;S033
Sweepy,specialist,active,SHOPPING,multiple lists,U,Not established by the reviewed evidence; not an absence claim.,S032;S033
Sweepy,specialist,active,SHOPPING,realtime collaboration,U,Not established by the reviewed evidence; not an absence claim.,S032;S033
Sweepy,specialist,active,SHOPPING,shopping assignment,U,Not established by the reviewed evidence; not an absence claim.,S032;S033
Sweepy,specialist,active,SHOPPING,categories,U,Not established by the reviewed evidence; not an absence claim.,S032;S033
Sweepy,specialist,active,SHOPPING,recurring purchases,U,Not established by the reviewed evidence; not an absence claim.,S032;S033
Sweepy,specialist,active,SHOPPING,shopping history,U,Not established by the reviewed evidence; not an absence claim.,S032;S033
Sweepy,specialist,active,SHOPPING,grocery-specific behavior,U,Not established by the reviewed evidence; not an absence claim.,S032;S033
Sweepy,specialist,active,SHOPPING,barcode/scanning,U,Not established by the reviewed evidence; not an absence claim.,S032;S033
Sweepy,specialist,active,SHOPPING,store organization,U,Not established by the reviewed evidence; not an absence claim.,S032;S033
Sweepy,specialist,active,SHOPPING,intelligent suggestions,U,Not established by the reviewed evidence; not an absence claim.,S032;S033
Sweepy,specialist,active,MEALS,meal planning,U,Not established by the reviewed evidence; not an absence claim.,S032;S033
Sweepy,specialist,active,MEALS,recipes,U,Not established by the reviewed evidence; not an absence claim.,S032;S033
Sweepy,specialist,active,MEALS,shopping integration,U,Not established by the reviewed evidence; not an absence claim.,S032;S033
Sweepy,specialist,active,MEALS,recurring meals,U,Not established by the reviewed evidence; not an absence claim.,S032;S033
Sweepy,specialist,active,MEALS,dietary preferences,U,Not established by the reviewed evidence; not an absence claim.,S032;S033
Sweepy,specialist,active,EXPENSES,shared expenses,U,Not established by the reviewed evidence; not an absence claim.,S032;S033
Sweepy,specialist,active,EXPENSES,reimbursements,U,Not established by the reviewed evidence; not an absence claim.,S032;S033
Sweepy,specialist,active,EXPENSES,household budgets,U,Not established by the reviewed evidence; not an absence claim.,S032;S033
Sweepy,specialist,active,EXPENSES,recurring bills,U,Not established by the reviewed evidence; not an absence claim.,S032;S033
Sweepy,specialist,active,EXPENSES,payment integration,U,Not established by the reviewed evidence; not an absence claim.,S032;S033
Sweepy,specialist,active,EXPENSES,receipt handling,U,Not established by the reviewed evidence; not an absence claim.,S032;S033
Sweepy,specialist,active,HOME MAINTENANCE,maintenance tasks,Y,Source-backed support in the reviewed product/support evidence.,S032;S033
Sweepy,specialist,active,HOME MAINTENANCE,maintenance schedules,Y,Source-backed support in the reviewed product/support evidence.,S032;S033
Sweepy,specialist,active,HOME MAINTENANCE,assets/appliances,P,"Partial, paywalled, role-limited, adjacent, or narrower than the requested feature.",S032;S033
Sweepy,specialist,active,HOME MAINTENANCE,warranties,U,Not established by the reviewed evidence; not an absence claim.,S032;S033
Sweepy,specialist,active,HOME MAINTENANCE,documents,U,Not established by the reviewed evidence; not an absence claim.,S032;S033
Sweepy,specialist,active,HOME MAINTENANCE,service history,P,"Partial, paywalled, role-limited, adjacent, or narrower than the requested feature.",S032;S033
Sweepy,specialist,active,HOME MAINTENANCE,contractors,U,Not established by the reviewed evidence; not an absence claim.,S032;S033
Sweepy,specialist,active,HOME MAINTENANCE,recurring maintenance reminders,U,Not established by the reviewed evidence; not an absence claim.,S032;S033
Sweepy,specialist,active,COMMUNICATION,household chat,U,Not established by the reviewed evidence; not an absence claim.,S032;S033
Sweepy,specialist,active,COMMUNICATION,comments,U,Not established by the reviewed evidence; not an absence claim.,S032;S033
Sweepy,specialist,active,COMMUNICATION,task comments,U,Not established by the reviewed evidence; not an absence claim.,S032;S033
Sweepy,specialist,active,COMMUNICATION,announcements,U,Not established by the reviewed evidence; not an absence claim.,S032;S033
Sweepy,specialist,active,COMMUNICATION,notifications,U,Not established by the reviewed evidence; not an absence claim.,S032;S033
Sweepy,specialist,active,COMMUNICATION,push notifications,U,Not established by the reviewed evidence; not an absence claim.,S032;S033
Sweepy,specialist,active,COMMUNICATION,email,U,Not established by the reviewed evidence; not an absence claim.,S032;S033
Sweepy,specialist,active,COMMUNICATION,activity feed,P,"Partial, paywalled, role-limited, adjacent, or narrower than the requested feature.",S032;S033
Sweepy,specialist,active,CHILD / FAMILY LOGISTICS,school,U,Not established by the reviewed evidence; not an absence claim.,S032;S033
Sweepy,specialist,active,CHILD / FAMILY LOGISTICS,custody/co-parenting,U,Not established by the reviewed evidence; not an absence claim.,S032;S033
Sweepy,specialist,active,CHILD / FAMILY LOGISTICS,family pickup/dropoff,U,Not established by the reviewed evidence; not an absence claim.,S032;S033
Sweepy,specialist,active,CHILD / FAMILY LOGISTICS,sports,U,Not established by the reviewed evidence; not an absence claim.,S032;S033
Sweepy,specialist,active,CHILD / FAMILY LOGISTICS,daycare,U,Not established by the reviewed evidence; not an absence claim.,S032;S033
Sweepy,specialist,active,CHILD / FAMILY LOGISTICS,medication reminders,U,Not established by the reviewed evidence; not an absence claim.,S032;S033
Sweepy,specialist,active,CHILD / FAMILY LOGISTICS,child permissions,P,"Partial, paywalled, role-limited, adjacent, or narrower than the requested feature.",S032;S033
Sweepy,specialist,active,CHILD / FAMILY LOGISTICS,family caregivers,U,Not established by the reviewed evidence; not an absence claim.,S032;S033
Sweepy,specialist,active,CONNECTION BETWEEN HOUSEHOLDS,household-to-household connections,U,Not established by the reviewed evidence; not an absence claim.,S032;S033
Sweepy,specialist,active,CONNECTION BETWEEN HOUSEHOLDS,family friends,U,Not established by the reviewed evidence; not an absence claim.,S032;S033
Sweepy,specialist,active,CONNECTION BETWEEN HOUSEHOLDS,relatives,U,Not established by the reviewed evidence; not an absence claim.,S032;S033
Sweepy,specialist,active,CONNECTION BETWEEN HOUSEHOLDS,neighbours,U,Not established by the reviewed evidence; not an absence claim.,S032;S033
Sweepy,specialist,active,CONNECTION BETWEEN HOUSEHOLDS,trusted household networks,U,Not established by the reviewed evidence; not an absence claim.,S032;S033
Sweepy,specialist,active,CONNECTION BETWEEN HOUSEHOLDS,shared events between households,U,Not established by the reviewed evidence; not an absence claim.,S032;S033
Sweepy,specialist,active,CONNECTION BETWEEN HOUSEHOLDS,shared childcare,U,Not established by the reviewed evidence; not an absence claim.,S032;S033
Sweepy,specialist,active,CONNECTION BETWEEN HOUSEHOLDS,shared shopping/tasks,U,Not established by the reviewed evidence; not an absence claim.,S032;S033
Sweepy,specialist,active,CONNECTION BETWEEN HOUSEHOLDS,discovery,U,Not established by the reviewed evidence; not an absence claim.,S032;S033
Sweepy,specialist,active,CONNECTION BETWEEN HOUSEHOLDS,public/private household profiles,U,Not established by the reviewed evidence; not an absence claim.,S032;S033
Sweepy,specialist,active,AI / AUTOMATION,AI planning,U,Not established by the reviewed evidence; not an absence claim.,S032
Sweepy,specialist,active,AI / AUTOMATION,natural-language task creation,U,Not established by the reviewed evidence; not an absence claim.,S032
Sweepy,specialist,active,AI / AUTOMATION,automatic scheduling,P,"Generated scheduling is cleaning-specific, not general household scheduling.",S032
Sweepy,specialist,active,AI / AUTOMATION,recurring rule generation,U,Not established by the reviewed evidence; not an absence claim.,S032
Sweepy,specialist,active,AI / AUTOMATION,proactive reminders,U,Not established by the reviewed evidence; not an absence claim.,S032
Sweepy,specialist,active,AI / AUTOMATION,workload balancing,P,"Effort/availability scheduling and workload sharing are adjacent to, but do not prove, optimized balancing.",S032
Sweepy,specialist,active,AI / AUTOMATION,meal suggestions,U,Not established by the reviewed evidence; not an absence claim.,S032
Sweepy,specialist,active,AI / AUTOMATION,shopping suggestions,U,Not established by the reviewed evidence; not an absence claim.,S032
Sweepy,specialist,active,AI / AUTOMATION,household summaries,U,Not established by the reviewed evidence; not an absence claim.,S032
Sweepy,specialist,active,AI / AUTOMATION,conflict detection,U,Not established by the reviewed evidence; not an absence claim.,S032
Skylight Calendar,hardware/platform,active,IDENTITY / HOUSEHOLD,account creation,Y,Source-backed support in the reviewed product/support evidence.,S034;S035;S036;S037;S096
Skylight Calendar,hardware/platform,active,IDENTITY / HOUSEHOLD,households/families,Y,Source-backed support in the reviewed product/support evidence.,S034;S035;S036;S037;S096
Skylight Calendar,hardware/platform,active,IDENTITY / HOUSEHOLD,multiple households,P,"Partial, paywalled, role-limited, adjacent, or narrower than the requested feature.",S034;S035;S036;S037;S096
Skylight Calendar,hardware/platform,active,IDENTITY / HOUSEHOLD,household switching,P,"Partial, paywalled, role-limited, adjacent, or narrower than the requested feature.",S034;S035;S036;S037;S096
Skylight Calendar,hardware/platform,active,IDENTITY / HOUSEHOLD,invitations,Y,Source-backed support in the reviewed product/support evidence.,S034;S035;S036;S037;S096
Skylight Calendar,hardware/platform,active,IDENTITY / HOUSEHOLD,adults,Y,Source-backed support in the reviewed product/support evidence.,S034;S035;S036;S037;S096
Skylight Calendar,hardware/platform,active,IDENTITY / HOUSEHOLD,children,Y,Source-backed support in the reviewed product/support evidence.,S034;S035;S036;S037;S096
Skylight Calendar,hardware/platform,active,IDENTITY / HOUSEHOLD,child accounts,P,"Partial, paywalled, role-limited, adjacent, or narrower than the requested feature.",S034;S035;S036;S037;S096
Skylight Calendar,hardware/platform,active,IDENTITY / HOUSEHOLD,users without login,P,Profiles are loginless labels/assignees and can represent non-people; they are not proven member identities.,S034;S035;S036;S037;S096
Skylight Calendar,hardware/platform,active,IDENTITY / HOUSEHOLD,grandparents,P,"Partial, paywalled, role-limited, adjacent, or narrower than the requested feature.",S034;S035;S036;S037;S096
Skylight Calendar,hardware/platform,active,IDENTITY / HOUSEHOLD,babysitters,P,"Partial, paywalled, role-limited, adjacent, or narrower than the requested feature.",S034;S035;S036;S037;S096
Skylight Calendar,hardware/platform,active,IDENTITY / HOUSEHOLD,caregivers,P,"Partial, paywalled, role-limited, adjacent, or narrower than the requested feature.",S034;S035;S036;S037;S096
Skylight Calendar,hardware/platform,active,IDENTITY / HOUSEHOLD,guests,P,"Partial, paywalled, role-limited, adjacent, or narrower than the requested feature.",S034;S035;S036;S037;S096
Skylight Calendar,hardware/platform,active,IDENTITY / HOUSEHOLD,roles,P,"Partial, paywalled, role-limited, adjacent, or narrower than the requested feature.",S034;S035;S036;S037;S096
Skylight Calendar,hardware/platform,active,IDENTITY / HOUSEHOLD,granular permissions,P,"Partial, paywalled, role-limited, adjacent, or narrower than the requested feature.",S034;S035;S036;S037;S096
Skylight Calendar,hardware/platform,active,IDENTITY / HOUSEHOLD,household ownership,Y,Source-backed support in the reviewed product/support evidence.,S034;S035;S036;S037;S096
Skylight Calendar,hardware/platform,active,IDENTITY / HOUSEHOLD,transferring ownership,U,Not established by the reviewed evidence; not an absence claim.,S034;S035;S036;S037;S096
Skylight Calendar,hardware/platform,active,TASKS / CHORES,one-off tasks,Y,Source-backed support in the reviewed product/support evidence.,S034;S035;S036;S037;S096
Skylight Calendar,hardware/platform,active,TASKS / CHORES,recurring tasks,Y,Source-backed support in the reviewed product/support evidence.,S034;S035;S036;S037;S096
Skylight Calendar,hardware/platform,active,TASKS / CHORES,assignments,Y,Source-backed support in the reviewed product/support evidence.,S034;S035;S036;S037;S096
Skylight Calendar,hardware/platform,active,TASKS / CHORES,multiple assignees,P,"Partial, paywalled, role-limited, adjacent, or narrower than the requested feature.",S034;S035;S036;S037;S096
Skylight Calendar,hardware/platform,active,TASKS / CHORES,due dates,Y,Source-backed support in the reviewed product/support evidence.,S034;S035;S036;S037;S096
Skylight Calendar,hardware/platform,active,TASKS / CHORES,reminders,Y,Source-backed support in the reviewed product/support evidence.,S034;S035;S036;S037;S096
Skylight Calendar,hardware/platform,active,TASKS / CHORES,recurrence patterns,Y,Source-backed support in the reviewed product/support evidence.,S034;S035;S036;S037;S096
Skylight Calendar,hardware/platform,active,TASKS / CHORES,task templates,Y,Source-backed support in the reviewed product/support evidence.,S034;S035;S036;S037;S096
Skylight Calendar,hardware/platform,active,TASKS / CHORES,chore rotation,P,"Partial, paywalled, role-limited, adjacent, or narrower than the requested feature.",S034;S035;S036;S037;S096
Skylight Calendar,hardware/platform,active,TASKS / CHORES,points/rewards,Y,Source-backed support in the reviewed product/support evidence.,S034;S035;S036;S037;S096
Skylight Calendar,hardware/platform,active,TASKS / CHORES,approval/completion confirmation,Y,Source-backed support in the reviewed product/support evidence.,S034;S035;S036;S037;S096
Skylight Calendar,hardware/platform,active,TASKS / CHORES,child-oriented chores,Y,Source-backed support in the reviewed product/support evidence.,S034;S035;S036;S037;S096
Skylight Calendar,hardware/platform,active,TASKS / CHORES,task history,Y,Source-backed support in the reviewed product/support evidence.,S034;S035;S036;S037;S096
Skylight Calendar,hardware/platform,active,ROUTINES,morning/evening routines,Y,Source-backed support in the reviewed product/support evidence.,S034;S035;S036;S037;S096
Skylight Calendar,hardware/platform,active,ROUTINES,recurring household routines,Y,Source-backed support in the reviewed product/support evidence.,S034;S035;S036;S037;S096
Skylight Calendar,hardware/platform,active,ROUTINES,checklists,Y,Source-backed support in the reviewed product/support evidence.,S034;S035;S036;S037;S096
Skylight Calendar,hardware/platform,active,ROUTINES,sequential routines,P,"Partial, paywalled, role-limited, adjacent, or narrower than the requested feature.",S034;S035;S036;S037;S096
Skylight Calendar,hardware/platform,active,ROUTINES,reusable routine templates,Y,Source-backed support in the reviewed product/support evidence.,S034;S035;S036;S037;S096
Skylight Calendar,hardware/platform,active,ROUTINES,household automation,Y,Source-backed support in the reviewed product/support evidence.,S034;S035;S036;S037;S096
Skylight Calendar,hardware/platform,active,CALENDAR,shared calendar,Y,Source-backed support in the reviewed product/support evidence.,S034;S035;S036;S037;S096
Skylight Calendar,hardware/platform,active,CALENDAR,personal calendars,Y,Source-backed support in the reviewed product/support evidence.,S034;S035;S036;S037;S096
Skylight Calendar,hardware/platform,active,CALENDAR,household events,Y,Source-backed support in the reviewed product/support evidence.,S034;S035;S036;S037;S096
Skylight Calendar,hardware/platform,active,CALENDAR,recurring events,Y,Source-backed support in the reviewed product/support evidence.,S034;S035;S036;S037;S096
Skylight Calendar,hardware/platform,active,CALENDAR,calendar reminders,Y,Source-backed support in the reviewed product/support evidence.,S034;S035;S036;S037;S096
Skylight Calendar,hardware/platform,active,CALENDAR,external calendar sync,Y,Source-backed support in the reviewed product/support evidence.,S034;S035;S036;S037;S096
Skylight Calendar,hardware/platform,active,CALENDAR,Google Calendar,Y,Source-backed support in the reviewed product/support evidence.,S034;S035;S036;S037;S096
Skylight Calendar,hardware/platform,active,CALENDAR,Apple Calendar,Y,Source-backed support in the reviewed product/support evidence.,S034;S035;S036;S037;S096
Skylight Calendar,hardware/platform,active,CALENDAR,Outlook,Y,Source-backed support in the reviewed product/support evidence.,S034;S035;S036;S037;S096
Skylight Calendar,hardware/platform,active,CALENDAR,school schedules,Y,Source-backed support in the reviewed product/support evidence.,S034;S035;S036;S037;S096
Skylight Calendar,hardware/platform,active,CALENDAR,pickup/dropoff,Y,Source-backed support in the reviewed product/support evidence.,S034;S035;S036;S037;S096
Skylight Calendar,hardware/platform,active,CALENDAR,event assignments,Y,Source-backed support in the reviewed product/support evidence.,S034;S035;S036;S037;S096
Skylight Calendar,hardware/platform,active,CALENDAR,RSVP,P,"Partial, paywalled, role-limited, adjacent, or narrower than the requested feature.",S034;S035;S036;S037;S096
Skylight Calendar,hardware/platform,active,CALENDAR,event location,Y,Source-backed support in the reviewed product/support evidence.,S034;S035;S036;S037;S096
Skylight Calendar,hardware/platform,active,CALENDAR,attachments/notes,Y,Source-backed support in the reviewed product/support evidence.,S034;S035;S036;S037;S096
Skylight Calendar,hardware/platform,active,TODAY / DASHBOARD,daily overview,Y,Source-backed support in the reviewed product/support evidence.,S034;S035;S036;S037;S096
Skylight Calendar,hardware/platform,active,TODAY / DASHBOARD,personalized view,Y,Source-backed support in the reviewed product/support evidence.,S034;S035;S036;S037;S096
Skylight Calendar,hardware/platform,active,TODAY / DASHBOARD,household-wide view,Y,Source-backed support in the reviewed product/support evidence.,S034;S035;S036;S037;S096
Skylight Calendar,hardware/platform,active,TODAY / DASHBOARD,overdue tasks,Y,Source-backed support in the reviewed product/support evidence.,S034;S035;S036;S037;S096
Skylight Calendar,hardware/platform,active,TODAY / DASHBOARD,upcoming events,Y,Source-backed support in the reviewed product/support evidence.,S034;S035;S036;S037;S096
Skylight Calendar,hardware/platform,active,TODAY / DASHBOARD,shopping needs,Y,Source-backed support in the reviewed product/support evidence.,S034;S035;S036;S037;S096
Skylight Calendar,hardware/platform,active,TODAY / DASHBOARD,dashboard reminders,Y,Source-backed support in the reviewed product/support evidence.,S034;S035;S036;S037;S096
Skylight Calendar,hardware/platform,active,TODAY / DASHBOARD,proactive suggestions,Y,Source-backed support in the reviewed product/support evidence.,S034;S035;S036;S037;S096
Skylight Calendar,hardware/platform,active,TODAY / DASHBOARD,priority logic,Y,Source-backed support in the reviewed product/support evidence.,S034;S035;S036;S037;S096
Skylight Calendar,hardware/platform,active,SHOPPING,multiple lists,Y,Source-backed support in the reviewed product/support evidence.,S034;S035;S036;S037;S096
Skylight Calendar,hardware/platform,active,SHOPPING,realtime collaboration,Y,Source-backed support in the reviewed product/support evidence.,S034;S035;S036;S037;S096
Skylight Calendar,hardware/platform,active,SHOPPING,shopping assignment,Y,Source-backed support in the reviewed product/support evidence.,S034;S035;S036;S037;S096
Skylight Calendar,hardware/platform,active,SHOPPING,categories,Y,Source-backed support in the reviewed product/support evidence.,S034;S035;S036;S037;S096
Skylight Calendar,hardware/platform,active,SHOPPING,recurring purchases,P,"Partial, paywalled, role-limited, adjacent, or narrower than the requested feature.",S034;S035;S036;S037;S096
Skylight Calendar,hardware/platform,active,SHOPPING,shopping history,P,"Partial, paywalled, role-limited, adjacent, or narrower than the requested feature.",S034;S035;S036;S037;S096
Skylight Calendar,hardware/platform,active,SHOPPING,grocery-specific behavior,Y,Source-backed support in the reviewed product/support evidence.,S034;S035;S036;S037;S096
Skylight Calendar,hardware/platform,active,SHOPPING,barcode/scanning,U,Not established by the reviewed evidence; not an absence claim.,S034;S035;S036;S037;S096
Skylight Calendar,hardware/platform,active,SHOPPING,store organization,U,Not established by the reviewed evidence; not an absence claim.,S034;S035;S036;S037;S096
Skylight Calendar,hardware/platform,active,SHOPPING,intelligent suggestions,P,"Partial, paywalled, role-limited, adjacent, or narrower than the requested feature.",S034;S035;S036;S037;S096
Skylight Calendar,hardware/platform,active,MEALS,meal planning,Y,Source-backed support in the reviewed product/support evidence.,S034;S035;S036;S037;S096
Skylight Calendar,hardware/platform,active,MEALS,recipes,Y,Source-backed support in the reviewed product/support evidence.,S034;S035;S036;S037;S096
Skylight Calendar,hardware/platform,active,MEALS,shopping integration,Y,Source-backed support in the reviewed product/support evidence.,S034;S035;S036;S037;S096
Skylight Calendar,hardware/platform,active,MEALS,recurring meals,P,"Partial, paywalled, role-limited, adjacent, or narrower than the requested feature.",S034;S035;S036;S037;S096
Skylight Calendar,hardware/platform,active,MEALS,dietary preferences,P,"Partial, paywalled, role-limited, adjacent, or narrower than the requested feature.",S034;S035;S036;S037;S096
Skylight Calendar,hardware/platform,active,EXPENSES,shared expenses,U,Not established by the reviewed evidence; not an absence claim.,S034;S035;S036;S037;S096
Skylight Calendar,hardware/platform,active,EXPENSES,reimbursements,U,Not established by the reviewed evidence; not an absence claim.,S034;S035;S036;S037;S096
Skylight Calendar,hardware/platform,active,EXPENSES,household budgets,U,Not established by the reviewed evidence; not an absence claim.,S034;S035;S036;S037;S096
Skylight Calendar,hardware/platform,active,EXPENSES,recurring bills,U,Not established by the reviewed evidence; not an absence claim.,S034;S035;S036;S037;S096
Skylight Calendar,hardware/platform,active,EXPENSES,payment integration,U,Not established by the reviewed evidence; not an absence claim.,S034;S035;S036;S037;S096
Skylight Calendar,hardware/platform,active,EXPENSES,receipt handling,U,Not established by the reviewed evidence; not an absence claim.,S034;S035;S036;S037;S096
Skylight Calendar,hardware/platform,active,HOME MAINTENANCE,maintenance tasks,U,Not established by the reviewed evidence; not an absence claim.,S034;S035;S036;S037;S096
Skylight Calendar,hardware/platform,active,HOME MAINTENANCE,maintenance schedules,U,Not established by the reviewed evidence; not an absence claim.,S034;S035;S036;S037;S096
Skylight Calendar,hardware/platform,active,HOME MAINTENANCE,assets/appliances,U,Not established by the reviewed evidence; not an absence claim.,S034;S035;S036;S037;S096
Skylight Calendar,hardware/platform,active,HOME MAINTENANCE,warranties,U,Not established by the reviewed evidence; not an absence claim.,S034;S035;S036;S037;S096
Skylight Calendar,hardware/platform,active,HOME MAINTENANCE,documents,U,Not established by the reviewed evidence; not an absence claim.,S034;S035;S036;S037;S096
Skylight Calendar,hardware/platform,active,HOME MAINTENANCE,service history,U,Not established by the reviewed evidence; not an absence claim.,S034;S035;S036;S037;S096
Skylight Calendar,hardware/platform,active,HOME MAINTENANCE,contractors,U,Not established by the reviewed evidence; not an absence claim.,S034;S035;S036;S037;S096
Skylight Calendar,hardware/platform,active,HOME MAINTENANCE,recurring maintenance reminders,U,Not established by the reviewed evidence; not an absence claim.,S034;S035;S036;S037;S096
Skylight Calendar,hardware/platform,active,COMMUNICATION,household chat,U,Not established by the reviewed evidence; not an absence claim.,S034;S096
Skylight Calendar,hardware/platform,active,COMMUNICATION,comments,U,Not established by the reviewed evidence; not an absence claim.,S034;S096
Skylight Calendar,hardware/platform,active,COMMUNICATION,task comments,U,Not established by the reviewed evidence; not an absence claim.,S034;S096
Skylight Calendar,hardware/platform,active,COMMUNICATION,announcements,U,Not established by the reviewed evidence; not an absence claim.,S034;S096
Skylight Calendar,hardware/platform,active,COMMUNICATION,notifications,Y,Source-backed support in the reviewed product/support evidence.,S034;S096
Skylight Calendar,hardware/platform,active,COMMUNICATION,push notifications,Y,Source-backed support in the reviewed product/support evidence.,S034;S096
Skylight Calendar,hardware/platform,active,COMMUNICATION,email,U,Not established by the reviewed evidence; not an absence claim.,S034;S096
Skylight Calendar,hardware/platform,active,COMMUNICATION,activity feed,U,Not established by the reviewed evidence; not an absence claim.,S034;S096
Skylight Calendar,hardware/platform,active,CHILD / FAMILY LOGISTICS,school,P,"Partial, paywalled, role-limited, adjacent, or narrower than the requested feature.",S034;S035;S036;S037;S096
Skylight Calendar,hardware/platform,active,CHILD / FAMILY LOGISTICS,custody/co-parenting,U,Not established by the reviewed evidence; not an absence claim.,S034;S035;S036;S037;S096
Skylight Calendar,hardware/platform,active,CHILD / FAMILY LOGISTICS,family pickup/dropoff,P,"Partial, paywalled, role-limited, adjacent, or narrower than the requested feature.",S034;S035;S036;S037;S096
Skylight Calendar,hardware/platform,active,CHILD / FAMILY LOGISTICS,sports,P,"Partial, paywalled, role-limited, adjacent, or narrower than the requested feature.",S034;S035;S036;S037;S096
Skylight Calendar,hardware/platform,active,CHILD / FAMILY LOGISTICS,daycare,P,"Partial, paywalled, role-limited, adjacent, or narrower than the requested feature.",S034;S035;S036;S037;S096
Skylight Calendar,hardware/platform,active,CHILD / FAMILY LOGISTICS,medication reminders,U,Not established by the reviewed evidence; not an absence claim.,S034;S035;S036;S037;S096
Skylight Calendar,hardware/platform,active,CHILD / FAMILY LOGISTICS,child permissions,P,"Parental lock is device/settings-wide, not a child-specific authorization model.",S034;S035;S036;S037;S096
Skylight Calendar,hardware/platform,active,CHILD / FAMILY LOGISTICS,family caregivers,P,"Partial, paywalled, role-limited, adjacent, or narrower than the requested feature.",S034;S035;S036;S037;S096
Skylight Calendar,hardware/platform,active,CONNECTION BETWEEN HOUSEHOLDS,household-to-household connections,P,"Partial, paywalled, role-limited, adjacent, or narrower than the requested feature.",S034;S035;S036;S037;S096
Skylight Calendar,hardware/platform,active,CONNECTION BETWEEN HOUSEHOLDS,family friends,U,Not established by the reviewed evidence; not an absence claim.,S034;S035;S036;S037;S096
Skylight Calendar,hardware/platform,active,CONNECTION BETWEEN HOUSEHOLDS,relatives,P,"Partial, paywalled, role-limited, adjacent, or narrower than the requested feature.",S034;S035;S036;S037;S096
Skylight Calendar,hardware/platform,active,CONNECTION BETWEEN HOUSEHOLDS,neighbours,U,Not established by the reviewed evidence; not an absence claim.,S034;S035;S036;S037;S096
Skylight Calendar,hardware/platform,active,CONNECTION BETWEEN HOUSEHOLDS,trusted household networks,U,Not established by the reviewed evidence; not an absence claim.,S034;S035;S036;S037;S096
Skylight Calendar,hardware/platform,active,CONNECTION BETWEEN HOUSEHOLDS,shared events between households,P,"Partial, paywalled, role-limited, adjacent, or narrower than the requested feature.",S034;S035;S036;S037;S096
Skylight Calendar,hardware/platform,active,CONNECTION BETWEEN HOUSEHOLDS,shared childcare,U,Not established by the reviewed evidence; not an absence claim.,S034;S035;S036;S037;S096
Skylight Calendar,hardware/platform,active,CONNECTION BETWEEN HOUSEHOLDS,shared shopping/tasks,U,Not established by the reviewed evidence; not an absence claim.,S034;S035;S036;S037;S096
Skylight Calendar,hardware/platform,active,CONNECTION BETWEEN HOUSEHOLDS,discovery,U,Not established by the reviewed evidence; not an absence claim.,S034;S035;S036;S037;S096
Skylight Calendar,hardware/platform,active,CONNECTION BETWEEN HOUSEHOLDS,public/private household profiles,U,Not established by the reviewed evidence; not an absence claim.,S034;S035;S036;S037;S096
Skylight Calendar,hardware/platform,active,AI / AUTOMATION,AI planning,P,Input conversion and meal planning are narrower than general household AI planning.,S034;S035
Skylight Calendar,hardware/platform,active,AI / AUTOMATION,natural-language task creation,P,"Speech/document intake can create household information, but general typed-NL task creation was not established.",S034;S035
Skylight Calendar,hardware/platform,active,AI / AUTOMATION,automatic scheduling,U,Not established by the reviewed evidence; not an absence claim.,S034;S035
Skylight Calendar,hardware/platform,active,AI / AUTOMATION,recurring rule generation,U,Not established by the reviewed evidence; not an absence claim.,S034;S035
Skylight Calendar,hardware/platform,active,AI / AUTOMATION,proactive reminders,U,Not established by the reviewed evidence; not an absence claim.,S034;S035
Skylight Calendar,hardware/platform,active,AI / AUTOMATION,workload balancing,U,Not established by the reviewed evidence; not an absence claim.,S034;S035
Skylight Calendar,hardware/platform,active,AI / AUTOMATION,meal suggestions,Y,Preference-based meal-plan and new-recipe generation are directly described.,S034;S035
Skylight Calendar,hardware/platform,active,AI / AUTOMATION,shopping suggestions,U,Not established by the reviewed evidence; not an absence claim.,S034;S035
Skylight Calendar,hardware/platform,active,AI / AUTOMATION,household summaries,U,Not established by the reviewed evidence; not an absence claim.,S034;S035
Skylight Calendar,hardware/platform,active,AI / AUTOMATION,conflict detection,U,Not established by the reviewed evidence; not an absence claim.,S034;S035
OurFamilyWizard,specialist,active,IDENTITY / HOUSEHOLD,account creation,Y,Source-backed support in the reviewed product/support evidence.,S039;S040;S041;S073
OurFamilyWizard,specialist,active,IDENTITY / HOUSEHOLD,households/families,Y,Source-backed support in the reviewed product/support evidence.,S039;S040;S041;S073
OurFamilyWizard,specialist,active,IDENTITY / HOUSEHOLD,multiple households,P,"Partial, paywalled, role-limited, adjacent, or narrower than the requested feature.",S039;S040;S041;S073
OurFamilyWizard,specialist,active,IDENTITY / HOUSEHOLD,household switching,P,"Partial, paywalled, role-limited, adjacent, or narrower than the requested feature.",S039;S040;S041;S073
OurFamilyWizard,specialist,active,IDENTITY / HOUSEHOLD,invitations,Y,Source-backed support in the reviewed product/support evidence.,S039;S040;S041;S073
OurFamilyWizard,specialist,active,IDENTITY / HOUSEHOLD,adults,Y,Source-backed support in the reviewed product/support evidence.,S039;S040;S041;S073
OurFamilyWizard,specialist,active,IDENTITY / HOUSEHOLD,children,Y,Source-backed support in the reviewed product/support evidence.,S039;S040;S041;S073
OurFamilyWizard,specialist,active,IDENTITY / HOUSEHOLD,child accounts,Y,Source-backed support in the reviewed product/support evidence.,S039;S040;S041;S073
OurFamilyWizard,specialist,active,IDENTITY / HOUSEHOLD,users without login,P,"Email/phone can be omitted, but the source calls it an account and does not establish credentialless access.",S039;S040;S041;S073
OurFamilyWizard,specialist,active,IDENTITY / HOUSEHOLD,grandparents,Y,Source-backed support in the reviewed product/support evidence.,S039;S040;S041;S073
OurFamilyWizard,specialist,active,IDENTITY / HOUSEHOLD,babysitters,Y,Source-backed support in the reviewed product/support evidence.,S039;S040;S041;S073
OurFamilyWizard,specialist,active,IDENTITY / HOUSEHOLD,caregivers,Y,Source-backed support in the reviewed product/support evidence.,S039;S040;S041;S073
OurFamilyWizard,specialist,active,IDENTITY / HOUSEHOLD,guests,P,"Partial, paywalled, role-limited, adjacent, or narrower than the requested feature.",S039;S040;S041;S073
OurFamilyWizard,specialist,active,IDENTITY / HOUSEHOLD,roles,Y,Source-backed support in the reviewed product/support evidence.,S039;S040;S041;S073
OurFamilyWizard,specialist,active,IDENTITY / HOUSEHOLD,granular permissions,Y,Source-backed support in the reviewed product/support evidence.,S039;S040;S041;S073
OurFamilyWizard,specialist,active,IDENTITY / HOUSEHOLD,household ownership,U,Not established by the reviewed evidence; not an absence claim.,S039;S040;S041;S073
OurFamilyWizard,specialist,active,IDENTITY / HOUSEHOLD,transferring ownership,U,Not established by the reviewed evidence; not an absence claim.,S039;S040;S041;S073
OurFamilyWizard,specialist,active,TASKS / CHORES,one-off tasks,P,"Partial, paywalled, role-limited, adjacent, or narrower than the requested feature.",S039;S040;S041;S073
OurFamilyWizard,specialist,active,TASKS / CHORES,recurring tasks,U,Not established by the reviewed evidence; not an absence claim.,S039;S040;S041;S073
OurFamilyWizard,specialist,active,TASKS / CHORES,assignments,P,"Partial, paywalled, role-limited, adjacent, or narrower than the requested feature.",S039;S040;S041;S073
OurFamilyWizard,specialist,active,TASKS / CHORES,multiple assignees,U,Not established by the reviewed evidence; not an absence claim.,S039;S040;S041;S073
OurFamilyWizard,specialist,active,TASKS / CHORES,due dates,P,"Partial, paywalled, role-limited, adjacent, or narrower than the requested feature.",S039;S040;S041;S073
OurFamilyWizard,specialist,active,TASKS / CHORES,reminders,P,"Partial, paywalled, role-limited, adjacent, or narrower than the requested feature.",S039;S040;S041;S073
OurFamilyWizard,specialist,active,TASKS / CHORES,recurrence patterns,U,Not established by the reviewed evidence; not an absence claim.,S039;S040;S041;S073
OurFamilyWizard,specialist,active,TASKS / CHORES,task templates,U,Not established by the reviewed evidence; not an absence claim.,S039;S040;S041;S073
OurFamilyWizard,specialist,active,TASKS / CHORES,chore rotation,U,Not established by the reviewed evidence; not an absence claim.,S039;S040;S041;S073
OurFamilyWizard,specialist,active,TASKS / CHORES,points/rewards,U,Not established by the reviewed evidence; not an absence claim.,S039;S040;S041;S073
OurFamilyWizard,specialist,active,TASKS / CHORES,approval/completion confirmation,U,Not established by the reviewed evidence; not an absence claim.,S039;S040;S041;S073
OurFamilyWizard,specialist,active,TASKS / CHORES,child-oriented chores,U,Not established by the reviewed evidence; not an absence claim.,S039;S040;S041;S073
OurFamilyWizard,specialist,active,TASKS / CHORES,task history,P,"Partial, paywalled, role-limited, adjacent, or narrower than the requested feature.",S039;S040;S041;S073
OurFamilyWizard,specialist,active,ROUTINES,morning/evening routines,U,Not established by the reviewed evidence; not an absence claim.,S039;S040;S041;S073
OurFamilyWizard,specialist,active,ROUTINES,recurring household routines,U,Not established by the reviewed evidence; not an absence claim.,S039;S040;S041;S073
OurFamilyWizard,specialist,active,ROUTINES,checklists,U,Not established by the reviewed evidence; not an absence claim.,S039;S040;S041;S073
OurFamilyWizard,specialist,active,ROUTINES,sequential routines,U,Not established by the reviewed evidence; not an absence claim.,S039;S040;S041;S073
OurFamilyWizard,specialist,active,ROUTINES,reusable routine templates,U,Not established by the reviewed evidence; not an absence claim.,S039;S040;S041;S073
OurFamilyWizard,specialist,active,ROUTINES,household automation,U,Not established by the reviewed evidence; not an absence claim.,S039;S040;S041;S073
OurFamilyWizard,specialist,active,CALENDAR,shared calendar,Y,Source-backed support in the reviewed product/support evidence.,S039;S040;S041;S073
OurFamilyWizard,specialist,active,CALENDAR,personal calendars,Y,Source-backed support in the reviewed product/support evidence.,S039;S040;S041;S073
OurFamilyWizard,specialist,active,CALENDAR,household events,Y,Source-backed support in the reviewed product/support evidence.,S039;S040;S041;S073
OurFamilyWizard,specialist,active,CALENDAR,recurring events,Y,Source-backed support in the reviewed product/support evidence.,S039;S040;S041;S073
OurFamilyWizard,specialist,active,CALENDAR,calendar reminders,Y,Source-backed support in the reviewed product/support evidence.,S039;S040;S041;S073
OurFamilyWizard,specialist,active,CALENDAR,external calendar sync,Y,Source-backed support in the reviewed product/support evidence.,S039;S040;S041;S073
OurFamilyWizard,specialist,active,CALENDAR,Google Calendar,Y,Source-backed support in the reviewed product/support evidence.,S039;S040;S041;S073
OurFamilyWizard,specialist,active,CALENDAR,Apple Calendar,Y,Source-backed support in the reviewed product/support evidence.,S039;S040;S041;S073
OurFamilyWizard,specialist,active,CALENDAR,Outlook,Y,Source-backed support in the reviewed product/support evidence.,S039;S040;S041;S073
OurFamilyWizard,specialist,active,CALENDAR,school schedules,Y,Source-backed support in the reviewed product/support evidence.,S039;S040;S041;S073
OurFamilyWizard,specialist,active,CALENDAR,pickup/dropoff,Y,Source-backed support in the reviewed product/support evidence.,S039;S040;S041;S073
OurFamilyWizard,specialist,active,CALENDAR,event assignments,Y,Source-backed support in the reviewed product/support evidence.,S039;S040;S041;S073
OurFamilyWizard,specialist,active,CALENDAR,RSVP,Y,Source-backed support in the reviewed product/support evidence.,S039;S040;S041;S073
OurFamilyWizard,specialist,active,CALENDAR,event location,Y,Source-backed support in the reviewed product/support evidence.,S039;S040;S041;S073
OurFamilyWizard,specialist,active,CALENDAR,attachments/notes,Y,Source-backed support in the reviewed product/support evidence.,S039;S040;S041;S073
OurFamilyWizard,specialist,active,TODAY / DASHBOARD,daily overview,Y,Source-backed support in the reviewed product/support evidence.,S039;S040;S041;S073
OurFamilyWizard,specialist,active,TODAY / DASHBOARD,personalized view,Y,Source-backed support in the reviewed product/support evidence.,S039;S040;S041;S073
OurFamilyWizard,specialist,active,TODAY / DASHBOARD,household-wide view,Y,Source-backed support in the reviewed product/support evidence.,S039;S040;S041;S073
OurFamilyWizard,specialist,active,TODAY / DASHBOARD,overdue tasks,P,"Partial, paywalled, role-limited, adjacent, or narrower than the requested feature.",S039;S040;S041;S073
OurFamilyWizard,specialist,active,TODAY / DASHBOARD,upcoming events,Y,Source-backed support in the reviewed product/support evidence.,S039;S040;S041;S073
OurFamilyWizard,specialist,active,TODAY / DASHBOARD,shopping needs,U,Not established by the reviewed evidence; not an absence claim.,S039;S040;S041;S073
OurFamilyWizard,specialist,active,TODAY / DASHBOARD,dashboard reminders,Y,Source-backed support in the reviewed product/support evidence.,S039;S040;S041;S073
OurFamilyWizard,specialist,active,TODAY / DASHBOARD,proactive suggestions,U,Not established by the reviewed evidence; not an absence claim.,S039;S040;S041;S073
OurFamilyWizard,specialist,active,TODAY / DASHBOARD,priority logic,P,"Partial, paywalled, role-limited, adjacent, or narrower than the requested feature.",S039;S040;S041;S073
OurFamilyWizard,specialist,active,SHOPPING,multiple lists,U,Not established by the reviewed evidence; not an absence claim.,S039;S040;S041;S073
OurFamilyWizard,specialist,active,SHOPPING,realtime collaboration,U,Not established by the reviewed evidence; not an absence claim.,S039;S040;S041;S073
OurFamilyWizard,specialist,active,SHOPPING,shopping assignment,U,Not established by the reviewed evidence; not an absence claim.,S039;S040;S041;S073
OurFamilyWizard,specialist,active,SHOPPING,categories,U,Not established by the reviewed evidence; not an absence claim.,S039;S040;S041;S073
OurFamilyWizard,specialist,active,SHOPPING,recurring purchases,U,Not established by the reviewed evidence; not an absence claim.,S039;S040;S041;S073
OurFamilyWizard,specialist,active,SHOPPING,shopping history,U,Not established by the reviewed evidence; not an absence claim.,S039;S040;S041;S073
OurFamilyWizard,specialist,active,SHOPPING,grocery-specific behavior,U,Not established by the reviewed evidence; not an absence claim.,S039;S040;S041;S073
OurFamilyWizard,specialist,active,SHOPPING,barcode/scanning,U,Not established by the reviewed evidence; not an absence claim.,S039;S040;S041;S073
OurFamilyWizard,specialist,active,SHOPPING,store organization,U,Not established by the reviewed evidence; not an absence claim.,S039;S040;S041;S073
OurFamilyWizard,specialist,active,SHOPPING,intelligent suggestions,U,Not established by the reviewed evidence; not an absence claim.,S039;S040;S041;S073
OurFamilyWizard,specialist,active,MEALS,meal planning,U,Not established by the reviewed evidence; not an absence claim.,S039;S040;S041;S073
OurFamilyWizard,specialist,active,MEALS,recipes,U,Not established by the reviewed evidence; not an absence claim.,S039;S040;S041;S073
OurFamilyWizard,specialist,active,MEALS,shopping integration,U,Not established by the reviewed evidence; not an absence claim.,S039;S040;S041;S073
OurFamilyWizard,specialist,active,MEALS,recurring meals,U,Not established by the reviewed evidence; not an absence claim.,S039;S040;S041;S073
OurFamilyWizard,specialist,active,MEALS,dietary preferences,U,Not established by the reviewed evidence; not an absence claim.,S039;S040;S041;S073
OurFamilyWizard,specialist,active,EXPENSES,shared expenses,Y,Source-backed support in the reviewed product/support evidence.,S039;S040;S041;S073
OurFamilyWizard,specialist,active,EXPENSES,reimbursements,Y,Source-backed support in the reviewed product/support evidence.,S039;S040;S041;S073
OurFamilyWizard,specialist,active,EXPENSES,household budgets,P,"Partial, paywalled, role-limited, adjacent, or narrower than the requested feature.",S039;S040;S041;S073
OurFamilyWizard,specialist,active,EXPENSES,recurring bills,Y,Source-backed support in the reviewed product/support evidence.,S039;S040;S041;S073
OurFamilyWizard,specialist,active,EXPENSES,payment integration,Y,Source-backed support in the reviewed product/support evidence.,S039;S040;S041;S073
OurFamilyWizard,specialist,active,EXPENSES,receipt handling,Y,Source-backed support in the reviewed product/support evidence.,S039;S040;S041;S073
OurFamilyWizard,specialist,active,HOME MAINTENANCE,maintenance tasks,U,Not established by the reviewed evidence; not an absence claim.,S039;S040;S041;S073
OurFamilyWizard,specialist,active,HOME MAINTENANCE,maintenance schedules,U,Not established by the reviewed evidence; not an absence claim.,S039;S040;S041;S073
OurFamilyWizard,specialist,active,HOME MAINTENANCE,assets/appliances,U,Not established by the reviewed evidence; not an absence claim.,S039;S040;S041;S073
OurFamilyWizard,specialist,active,HOME MAINTENANCE,warranties,U,Not established by the reviewed evidence; not an absence claim.,S039;S040;S041;S073
OurFamilyWizard,specialist,active,HOME MAINTENANCE,documents,U,Not established by the reviewed evidence; not an absence claim.,S039;S040;S041;S073
OurFamilyWizard,specialist,active,HOME MAINTENANCE,service history,U,Not established by the reviewed evidence; not an absence claim.,S039;S040;S041;S073
OurFamilyWizard,specialist,active,HOME MAINTENANCE,contractors,U,Not established by the reviewed evidence; not an absence claim.,S039;S040;S041;S073
OurFamilyWizard,specialist,active,HOME MAINTENANCE,recurring maintenance reminders,U,Not established by the reviewed evidence; not an absence claim.,S039;S040;S041;S073
OurFamilyWizard,specialist,active,COMMUNICATION,household chat,Y,Source-backed support in the reviewed product/support evidence.,S039;S040;S041;S073
OurFamilyWizard,specialist,active,COMMUNICATION,comments,P,"Partial, paywalled, role-limited, adjacent, or narrower than the requested feature.",S039;S040;S041;S073
OurFamilyWizard,specialist,active,COMMUNICATION,task comments,U,Not established by the reviewed evidence; not an absence claim.,S039;S040;S041;S073
OurFamilyWizard,specialist,active,COMMUNICATION,announcements,P,"Partial, paywalled, role-limited, adjacent, or narrower than the requested feature.",S039;S040;S041;S073
OurFamilyWizard,specialist,active,COMMUNICATION,notifications,Y,Source-backed support in the reviewed product/support evidence.,S039;S040;S041;S073
OurFamilyWizard,specialist,active,COMMUNICATION,push notifications,Y,Source-backed support in the reviewed product/support evidence.,S039;S040;S041;S073
OurFamilyWizard,specialist,active,COMMUNICATION,email,Y,Source-backed support in the reviewed product/support evidence.,S039;S040;S041;S073
OurFamilyWizard,specialist,active,COMMUNICATION,activity feed,P,"Partial, paywalled, role-limited, adjacent, or narrower than the requested feature.",S039;S040;S041;S073
OurFamilyWizard,specialist,active,CHILD / FAMILY LOGISTICS,school,Y,Source-backed support in the reviewed product/support evidence.,S039;S040;S041;S073
OurFamilyWizard,specialist,active,CHILD / FAMILY LOGISTICS,custody/co-parenting,Y,Source-backed support in the reviewed product/support evidence.,S039;S040;S041;S073
OurFamilyWizard,specialist,active,CHILD / FAMILY LOGISTICS,family pickup/dropoff,Y,Source-backed support in the reviewed product/support evidence.,S039;S040;S041;S073
OurFamilyWizard,specialist,active,CHILD / FAMILY LOGISTICS,sports,Y,Source-backed support in the reviewed product/support evidence.,S039;S040;S041;S073
OurFamilyWizard,specialist,active,CHILD / FAMILY LOGISTICS,daycare,Y,Source-backed support in the reviewed product/support evidence.,S039;S040;S041;S073
OurFamilyWizard,specialist,active,CHILD / FAMILY LOGISTICS,medication reminders,P,"Partial, paywalled, role-limited, adjacent, or narrower than the requested feature.",S039;S040;S041;S073
OurFamilyWizard,specialist,active,CHILD / FAMILY LOGISTICS,child permissions,Y,Source-backed support in the reviewed product/support evidence.,S039;S040;S041;S073
OurFamilyWizard,specialist,active,CHILD / FAMILY LOGISTICS,family caregivers,Y,Source-backed support in the reviewed product/support evidence.,S039;S040;S041;S073
OurFamilyWizard,specialist,active,CONNECTION BETWEEN HOUSEHOLDS,household-to-household connections,P,"Partial, paywalled, role-limited, adjacent, or narrower than the requested feature.",S039;S040;S041;S073
OurFamilyWizard,specialist,active,CONNECTION BETWEEN HOUSEHOLDS,family friends,P,"Partial, paywalled, role-limited, adjacent, or narrower than the requested feature.",S039;S040;S041;S073
OurFamilyWizard,specialist,active,CONNECTION BETWEEN HOUSEHOLDS,relatives,Y,Source-backed support in the reviewed product/support evidence.,S039;S040;S041;S073
OurFamilyWizard,specialist,active,CONNECTION BETWEEN HOUSEHOLDS,neighbours,U,Not established by the reviewed evidence; not an absence claim.,S039;S040;S041;S073
OurFamilyWizard,specialist,active,CONNECTION BETWEEN HOUSEHOLDS,trusted household networks,P,"Partial, paywalled, role-limited, adjacent, or narrower than the requested feature.",S039;S040;S041;S073
OurFamilyWizard,specialist,active,CONNECTION BETWEEN HOUSEHOLDS,shared events between households,Y,Source-backed support in the reviewed product/support evidence.,S039;S040;S041;S073
OurFamilyWizard,specialist,active,CONNECTION BETWEEN HOUSEHOLDS,shared childcare,P,"Partial, paywalled, role-limited, adjacent, or narrower than the requested feature.",S039;S040;S041;S073
OurFamilyWizard,specialist,active,CONNECTION BETWEEN HOUSEHOLDS,shared shopping/tasks,P,"Partial, paywalled, role-limited, adjacent, or narrower than the requested feature.",S039;S040;S041;S073
OurFamilyWizard,specialist,active,CONNECTION BETWEEN HOUSEHOLDS,discovery,U,Not established by the reviewed evidence; not an absence claim.,S039;S040;S041;S073
OurFamilyWizard,specialist,active,CONNECTION BETWEEN HOUSEHOLDS,public/private household profiles,U,Not established by the reviewed evidence; not an absence claim.,S039;S040;S041;S073
OurFamilyWizard,specialist,active,AI / AUTOMATION,AI planning,U,Not established by the reviewed evidence; not an absence claim.,S039
OurFamilyWizard,specialist,active,AI / AUTOMATION,natural-language task creation,U,Not established by the reviewed evidence; not an absence claim.,S039
OurFamilyWizard,specialist,active,AI / AUTOMATION,automatic scheduling,U,Not established by the reviewed evidence; not an absence claim.,S039
OurFamilyWizard,specialist,active,AI / AUTOMATION,recurring rule generation,U,Not established by the reviewed evidence; not an absence claim.,S039
OurFamilyWizard,specialist,active,AI / AUTOMATION,proactive reminders,U,Not established by the reviewed evidence; not an absence claim.,S039
OurFamilyWizard,specialist,active,AI / AUTOMATION,workload balancing,U,Not established by the reviewed evidence; not an absence claim.,S039
OurFamilyWizard,specialist,active,AI / AUTOMATION,meal suggestions,U,Not established by the reviewed evidence; not an absence claim.,S039
OurFamilyWizard,specialist,active,AI / AUTOMATION,shopping suggestions,U,Not established by the reviewed evidence; not an absence claim.,S039
OurFamilyWizard,specialist,active,AI / AUTOMATION,household summaries,U,Not established by the reviewed evidence; not an absence claim.,S039
OurFamilyWizard,specialist,active,AI / AUTOMATION,conflict detection,P,Writing Assistant tone/de-escalation support is narrower than general conflict detection.,S039
AppClose,specialist,active,IDENTITY / HOUSEHOLD,account creation,Y,Source-backed support in the reviewed product/support evidence.,S042;S043;S044
AppClose,specialist,active,IDENTITY / HOUSEHOLD,households/families,Y,Source-backed support in the reviewed product/support evidence.,S042;S043;S044
AppClose,specialist,active,IDENTITY / HOUSEHOLD,multiple households,P,"Partial, paywalled, role-limited, adjacent, or narrower than the requested feature.",S042;S043;S044
AppClose,specialist,active,IDENTITY / HOUSEHOLD,household switching,P,"Partial, paywalled, role-limited, adjacent, or narrower than the requested feature.",S042;S043;S044
AppClose,specialist,active,IDENTITY / HOUSEHOLD,invitations,Y,Source-backed support in the reviewed product/support evidence.,S042;S043;S044
AppClose,specialist,active,IDENTITY / HOUSEHOLD,adults,Y,Source-backed support in the reviewed product/support evidence.,S042;S043;S044
AppClose,specialist,active,IDENTITY / HOUSEHOLD,children,Y,Source-backed support in the reviewed product/support evidence.,S042;S043;S044
AppClose,specialist,active,IDENTITY / HOUSEHOLD,child accounts,P,"Partial, paywalled, role-limited, adjacent, or narrower than the requested feature.",S042;S043;S044
AppClose,specialist,active,IDENTITY / HOUSEHOLD,users without login,P,"Solo can reach non-users, but they are not established as loginless Circle members.",S042;S043;S044
AppClose,specialist,active,IDENTITY / HOUSEHOLD,grandparents,Y,Source-backed support in the reviewed product/support evidence.,S042;S043;S044
AppClose,specialist,active,IDENTITY / HOUSEHOLD,babysitters,Y,Source-backed support in the reviewed product/support evidence.,S042;S043;S044
AppClose,specialist,active,IDENTITY / HOUSEHOLD,caregivers,Y,Source-backed support in the reviewed product/support evidence.,S042;S043;S044
AppClose,specialist,active,IDENTITY / HOUSEHOLD,guests,P,"Partial, paywalled, role-limited, adjacent, or narrower than the requested feature.",S042;S043;S044
AppClose,specialist,active,IDENTITY / HOUSEHOLD,roles,Y,Source-backed support in the reviewed product/support evidence.,S042;S043;S044
AppClose,specialist,active,IDENTITY / HOUSEHOLD,granular permissions,Y,Source-backed support in the reviewed product/support evidence.,S042;S043;S044
AppClose,specialist,active,IDENTITY / HOUSEHOLD,household ownership,U,Not established by the reviewed evidence; not an absence claim.,S042;S043;S044
AppClose,specialist,active,IDENTITY / HOUSEHOLD,transferring ownership,U,Not established by the reviewed evidence; not an absence claim.,S042;S043;S044
AppClose,specialist,active,TASKS / CHORES,one-off tasks,P,"Partial, paywalled, role-limited, adjacent, or narrower than the requested feature.",S042;S043;S044
AppClose,specialist,active,TASKS / CHORES,recurring tasks,P,"Partial, paywalled, role-limited, adjacent, or narrower than the requested feature.",S042;S043;S044
AppClose,specialist,active,TASKS / CHORES,assignments,P,"Partial, paywalled, role-limited, adjacent, or narrower than the requested feature.",S042;S043;S044
AppClose,specialist,active,TASKS / CHORES,multiple assignees,U,Not established by the reviewed evidence; not an absence claim.,S042;S043;S044
AppClose,specialist,active,TASKS / CHORES,due dates,P,"Partial, paywalled, role-limited, adjacent, or narrower than the requested feature.",S042;S043;S044
AppClose,specialist,active,TASKS / CHORES,reminders,P,"Partial, paywalled, role-limited, adjacent, or narrower than the requested feature.",S042;S043;S044
AppClose,specialist,active,TASKS / CHORES,recurrence patterns,U,Not established by the reviewed evidence; not an absence claim.,S042;S043;S044
AppClose,specialist,active,TASKS / CHORES,task templates,U,Not established by the reviewed evidence; not an absence claim.,S042;S043;S044
AppClose,specialist,active,TASKS / CHORES,chore rotation,U,Not established by the reviewed evidence; not an absence claim.,S042;S043;S044
AppClose,specialist,active,TASKS / CHORES,points/rewards,U,Not established by the reviewed evidence; not an absence claim.,S042;S043;S044
AppClose,specialist,active,TASKS / CHORES,approval/completion confirmation,U,Not established by the reviewed evidence; not an absence claim.,S042;S043;S044
AppClose,specialist,active,TASKS / CHORES,child-oriented chores,U,Not established by the reviewed evidence; not an absence claim.,S042;S043;S044
AppClose,specialist,active,TASKS / CHORES,task history,P,"Partial, paywalled, role-limited, adjacent, or narrower than the requested feature.",S042;S043;S044
AppClose,specialist,active,ROUTINES,morning/evening routines,U,Not established by the reviewed evidence; not an absence claim.,S042;S043;S044
AppClose,specialist,active,ROUTINES,recurring household routines,P,"Partial, paywalled, role-limited, adjacent, or narrower than the requested feature.",S042;S043;S044
AppClose,specialist,active,ROUTINES,checklists,P,"Partial, paywalled, role-limited, adjacent, or narrower than the requested feature.",S042;S043;S044
AppClose,specialist,active,ROUTINES,sequential routines,U,Not established by the reviewed evidence; not an absence claim.,S042;S043;S044
AppClose,specialist,active,ROUTINES,reusable routine templates,U,Not established by the reviewed evidence; not an absence claim.,S042;S043;S044
AppClose,specialist,active,ROUTINES,household automation,U,Not established by the reviewed evidence; not an absence claim.,S042;S043;S044
AppClose,specialist,active,CALENDAR,shared calendar,Y,Source-backed support in the reviewed product/support evidence.,S042;S043;S044
AppClose,specialist,active,CALENDAR,personal calendars,Y,Source-backed support in the reviewed product/support evidence.,S042;S043;S044
AppClose,specialist,active,CALENDAR,household events,Y,Source-backed support in the reviewed product/support evidence.,S042;S043;S044
AppClose,specialist,active,CALENDAR,recurring events,Y,Source-backed support in the reviewed product/support evidence.,S042;S043;S044
AppClose,specialist,active,CALENDAR,calendar reminders,Y,Source-backed support in the reviewed product/support evidence.,S042;S043;S044
AppClose,specialist,active,CALENDAR,external calendar sync,P,"Partial, paywalled, role-limited, adjacent, or narrower than the requested feature.",S042;S043;S044
AppClose,specialist,active,CALENDAR,Google Calendar,P,"Partial, paywalled, role-limited, adjacent, or narrower than the requested feature.",S042;S043;S044
AppClose,specialist,active,CALENDAR,Apple Calendar,P,"Partial, paywalled, role-limited, adjacent, or narrower than the requested feature.",S042;S043;S044
AppClose,specialist,active,CALENDAR,Outlook,P,"Partial, paywalled, role-limited, adjacent, or narrower than the requested feature.",S042;S043;S044
AppClose,specialist,active,CALENDAR,school schedules,Y,Source-backed support in the reviewed product/support evidence.,S042;S043;S044
AppClose,specialist,active,CALENDAR,pickup/dropoff,Y,Source-backed support in the reviewed product/support evidence.,S042;S043;S044
AppClose,specialist,active,CALENDAR,event assignments,Y,Source-backed support in the reviewed product/support evidence.,S042;S043;S044
AppClose,specialist,active,CALENDAR,RSVP,Y,Source-backed support in the reviewed product/support evidence.,S042;S043;S044
AppClose,specialist,active,CALENDAR,event location,Y,Source-backed support in the reviewed product/support evidence.,S042;S043;S044
AppClose,specialist,active,CALENDAR,attachments/notes,Y,Source-backed support in the reviewed product/support evidence.,S042;S043;S044
AppClose,specialist,active,TODAY / DASHBOARD,daily overview,Y,Source-backed support in the reviewed product/support evidence.,S042;S043;S044
AppClose,specialist,active,TODAY / DASHBOARD,personalized view,Y,Source-backed support in the reviewed product/support evidence.,S042;S043;S044
AppClose,specialist,active,TODAY / DASHBOARD,household-wide view,Y,Source-backed support in the reviewed product/support evidence.,S042;S043;S044
AppClose,specialist,active,TODAY / DASHBOARD,overdue tasks,P,"Partial, paywalled, role-limited, adjacent, or narrower than the requested feature.",S042;S043;S044
AppClose,specialist,active,TODAY / DASHBOARD,upcoming events,Y,Source-backed support in the reviewed product/support evidence.,S042;S043;S044
AppClose,specialist,active,TODAY / DASHBOARD,shopping needs,U,Not established by the reviewed evidence; not an absence claim.,S042;S043;S044
AppClose,specialist,active,TODAY / DASHBOARD,dashboard reminders,Y,Source-backed support in the reviewed product/support evidence.,S042;S043;S044
AppClose,specialist,active,TODAY / DASHBOARD,proactive suggestions,U,Not established by the reviewed evidence; not an absence claim.,S042;S043;S044
AppClose,specialist,active,TODAY / DASHBOARD,priority logic,P,"Partial, paywalled, role-limited, adjacent, or narrower than the requested feature.",S042;S043;S044
AppClose,specialist,active,SHOPPING,multiple lists,U,Not established by the reviewed evidence; not an absence claim.,S042;S043;S044
AppClose,specialist,active,SHOPPING,realtime collaboration,U,Not established by the reviewed evidence; not an absence claim.,S042;S043;S044
AppClose,specialist,active,SHOPPING,shopping assignment,U,Not established by the reviewed evidence; not an absence claim.,S042;S043;S044
AppClose,specialist,active,SHOPPING,categories,U,Not established by the reviewed evidence; not an absence claim.,S042;S043;S044
AppClose,specialist,active,SHOPPING,recurring purchases,U,Not established by the reviewed evidence; not an absence claim.,S042;S043;S044
AppClose,specialist,active,SHOPPING,shopping history,U,Not established by the reviewed evidence; not an absence claim.,S042;S043;S044
AppClose,specialist,active,SHOPPING,grocery-specific behavior,U,Not established by the reviewed evidence; not an absence claim.,S042;S043;S044
AppClose,specialist,active,SHOPPING,barcode/scanning,U,Not established by the reviewed evidence; not an absence claim.,S042;S043;S044
AppClose,specialist,active,SHOPPING,store organization,U,Not established by the reviewed evidence; not an absence claim.,S042;S043;S044
AppClose,specialist,active,SHOPPING,intelligent suggestions,U,Not established by the reviewed evidence; not an absence claim.,S042;S043;S044
AppClose,specialist,active,MEALS,meal planning,U,Not established by the reviewed evidence; not an absence claim.,S042;S043;S044
AppClose,specialist,active,MEALS,recipes,U,Not established by the reviewed evidence; not an absence claim.,S042;S043;S044
AppClose,specialist,active,MEALS,shopping integration,U,Not established by the reviewed evidence; not an absence claim.,S042;S043;S044
AppClose,specialist,active,MEALS,recurring meals,U,Not established by the reviewed evidence; not an absence claim.,S042;S043;S044
AppClose,specialist,active,MEALS,dietary preferences,U,Not established by the reviewed evidence; not an absence claim.,S042;S043;S044
AppClose,specialist,active,EXPENSES,shared expenses,Y,Source-backed support in the reviewed product/support evidence.,S042;S043;S044
AppClose,specialist,active,EXPENSES,reimbursements,Y,Source-backed support in the reviewed product/support evidence.,S042;S043;S044
AppClose,specialist,active,EXPENSES,household budgets,P,"Partial, paywalled, role-limited, adjacent, or narrower than the requested feature.",S042;S043;S044
AppClose,specialist,active,EXPENSES,recurring bills,P,"Partial, paywalled, role-limited, adjacent, or narrower than the requested feature.",S042;S043;S044
AppClose,specialist,active,EXPENSES,payment integration,Y,Source-backed support in the reviewed product/support evidence.,S042;S043;S044
AppClose,specialist,active,EXPENSES,receipt handling,Y,Source-backed support in the reviewed product/support evidence.,S042;S043;S044
AppClose,specialist,active,HOME MAINTENANCE,maintenance tasks,U,Not established by the reviewed evidence; not an absence claim.,S042;S043;S044
AppClose,specialist,active,HOME MAINTENANCE,maintenance schedules,U,Not established by the reviewed evidence; not an absence claim.,S042;S043;S044
AppClose,specialist,active,HOME MAINTENANCE,assets/appliances,U,Not established by the reviewed evidence; not an absence claim.,S042;S043;S044
AppClose,specialist,active,HOME MAINTENANCE,warranties,U,Not established by the reviewed evidence; not an absence claim.,S042;S043;S044
AppClose,specialist,active,HOME MAINTENANCE,documents,U,Not established by the reviewed evidence; not an absence claim.,S042;S043;S044
AppClose,specialist,active,HOME MAINTENANCE,service history,U,Not established by the reviewed evidence; not an absence claim.,S042;S043;S044
AppClose,specialist,active,HOME MAINTENANCE,contractors,U,Not established by the reviewed evidence; not an absence claim.,S042;S043;S044
AppClose,specialist,active,HOME MAINTENANCE,recurring maintenance reminders,U,Not established by the reviewed evidence; not an absence claim.,S042;S043;S044
AppClose,specialist,active,COMMUNICATION,household chat,Y,Source-backed support in the reviewed product/support evidence.,S042;S043;S044
AppClose,specialist,active,COMMUNICATION,comments,P,"Partial, paywalled, role-limited, adjacent, or narrower than the requested feature.",S042;S043;S044
AppClose,specialist,active,COMMUNICATION,task comments,U,Not established by the reviewed evidence; not an absence claim.,S042;S043;S044
AppClose,specialist,active,COMMUNICATION,announcements,P,"Partial, paywalled, role-limited, adjacent, or narrower than the requested feature.",S042;S043;S044
AppClose,specialist,active,COMMUNICATION,notifications,Y,Source-backed support in the reviewed product/support evidence.,S042;S043;S044
AppClose,specialist,active,COMMUNICATION,push notifications,U,Not established by the reviewed evidence; not an absence claim.,S042;S043;S044
AppClose,specialist,active,COMMUNICATION,email,Y,Source-backed support in the reviewed product/support evidence.,S042;S043;S044
AppClose,specialist,active,COMMUNICATION,activity feed,P,"Partial, paywalled, role-limited, adjacent, or narrower than the requested feature.",S042;S043;S044
AppClose,specialist,active,CHILD / FAMILY LOGISTICS,school,Y,Source-backed support in the reviewed product/support evidence.,S042;S043;S044
AppClose,specialist,active,CHILD / FAMILY LOGISTICS,custody/co-parenting,Y,Source-backed support in the reviewed product/support evidence.,S042;S043;S044
AppClose,specialist,active,CHILD / FAMILY LOGISTICS,family pickup/dropoff,Y,Source-backed support in the reviewed product/support evidence.,S042;S043;S044
AppClose,specialist,active,CHILD / FAMILY LOGISTICS,sports,P,"Partial, paywalled, role-limited, adjacent, or narrower than the requested feature.",S042;S043;S044
AppClose,specialist,active,CHILD / FAMILY LOGISTICS,daycare,Y,Source-backed support in the reviewed product/support evidence.,S042;S043;S044
AppClose,specialist,active,CHILD / FAMILY LOGISTICS,medication reminders,P,"Partial, paywalled, role-limited, adjacent, or narrower than the requested feature.",S042;S043;S044
AppClose,specialist,active,CHILD / FAMILY LOGISTICS,child permissions,Y,Source-backed support in the reviewed product/support evidence.,S042;S043;S044
AppClose,specialist,active,CHILD / FAMILY LOGISTICS,family caregivers,Y,Source-backed support in the reviewed product/support evidence.,S042;S043;S044
AppClose,specialist,active,CONNECTION BETWEEN HOUSEHOLDS,household-to-household connections,P,"Partial, paywalled, role-limited, adjacent, or narrower than the requested feature.",S042;S043;S044
AppClose,specialist,active,CONNECTION BETWEEN HOUSEHOLDS,family friends,P,"Partial, paywalled, role-limited, adjacent, or narrower than the requested feature.",S042;S043;S044
AppClose,specialist,active,CONNECTION BETWEEN HOUSEHOLDS,relatives,Y,Source-backed support in the reviewed product/support evidence.,S042;S043;S044
AppClose,specialist,active,CONNECTION BETWEEN HOUSEHOLDS,neighbours,U,Not established by the reviewed evidence; not an absence claim.,S042;S043;S044
AppClose,specialist,active,CONNECTION BETWEEN HOUSEHOLDS,trusted household networks,Y,Source-backed support in the reviewed product/support evidence.,S042;S043;S044
AppClose,specialist,active,CONNECTION BETWEEN HOUSEHOLDS,shared events between households,Y,Source-backed support in the reviewed product/support evidence.,S042;S043;S044
AppClose,specialist,active,CONNECTION BETWEEN HOUSEHOLDS,shared childcare,P,"Partial, paywalled, role-limited, adjacent, or narrower than the requested feature.",S042;S043;S044
AppClose,specialist,active,CONNECTION BETWEEN HOUSEHOLDS,shared shopping/tasks,P,"Partial, paywalled, role-limited, adjacent, or narrower than the requested feature.",S042;S043;S044
AppClose,specialist,active,CONNECTION BETWEEN HOUSEHOLDS,discovery,U,Not established by the reviewed evidence; not an absence claim.,S042;S043;S044
AppClose,specialist,active,CONNECTION BETWEEN HOUSEHOLDS,public/private household profiles,U,Not established by the reviewed evidence; not an absence claim.,S042;S043;S044
AppClose,specialist,active,AI / AUTOMATION,AI planning,U,Not established by the reviewed evidence; not an absence claim.,S042
AppClose,specialist,active,AI / AUTOMATION,natural-language task creation,U,Not established by the reviewed evidence; not an absence claim.,S042
AppClose,specialist,active,AI / AUTOMATION,automatic scheduling,U,Not established by the reviewed evidence; not an absence claim.,S042
AppClose,specialist,active,AI / AUTOMATION,recurring rule generation,U,Not established by the reviewed evidence; not an absence claim.,S042
AppClose,specialist,active,AI / AUTOMATION,proactive reminders,U,Not established by the reviewed evidence; not an absence claim.,S042
AppClose,specialist,active,AI / AUTOMATION,workload balancing,U,Not established by the reviewed evidence; not an absence claim.,S042
AppClose,specialist,active,AI / AUTOMATION,meal suggestions,U,Not established by the reviewed evidence; not an absence claim.,S042
AppClose,specialist,active,AI / AUTOMATION,shopping suggestions,U,Not established by the reviewed evidence; not an absence claim.,S042
AppClose,specialist,active,AI / AUTOMATION,household summaries,P,Professional record summaries are narrower than ordinary household summaries.,S042
AppClose,specialist,active,AI / AUTOMATION,conflict detection,P,Tone/escalation and compliance review are narrower than general conflict detection.,S042
AnyList,specialist,active,IDENTITY / HOUSEHOLD,account creation,Y,Source-backed support in the reviewed product/support evidence.,S045;S046;S047;S095
AnyList,specialist,active,IDENTITY / HOUSEHOLD,households/families,P,"Partial, paywalled, role-limited, adjacent, or narrower than the requested feature.",S045;S046;S047;S095
AnyList,specialist,active,IDENTITY / HOUSEHOLD,multiple households,P,"Partial, paywalled, role-limited, adjacent, or narrower than the requested feature.",S045;S046;S047;S095
AnyList,specialist,active,IDENTITY / HOUSEHOLD,household switching,U,Not established by the reviewed evidence; not an absence claim.,S045;S046;S047;S095
AnyList,specialist,active,IDENTITY / HOUSEHOLD,invitations,Y,Source-backed support in the reviewed product/support evidence.,S045;S046;S047;S095
AnyList,specialist,active,IDENTITY / HOUSEHOLD,adults,Y,Source-backed support in the reviewed product/support evidence.,S045;S046;S047;S095
AnyList,specialist,active,IDENTITY / HOUSEHOLD,children,P,"Partial, paywalled, role-limited, adjacent, or narrower than the requested feature.",S045;S046;S047;S095
AnyList,specialist,active,IDENTITY / HOUSEHOLD,child accounts,U,Not established by the reviewed evidence; not an absence claim.,S045;S046;S047;S095
AnyList,specialist,active,IDENTITY / HOUSEHOLD,users without login,U,Not established by the reviewed evidence; not an absence claim.,S045;S046;S047;S095
AnyList,specialist,active,IDENTITY / HOUSEHOLD,grandparents,P,"Partial, paywalled, role-limited, adjacent, or narrower than the requested feature.",S045;S046;S047;S095
AnyList,specialist,active,IDENTITY / HOUSEHOLD,babysitters,P,"Partial, paywalled, role-limited, adjacent, or narrower than the requested feature.",S045;S046;S047;S095
AnyList,specialist,active,IDENTITY / HOUSEHOLD,caregivers,P,"Partial, paywalled, role-limited, adjacent, or narrower than the requested feature.",S045;S046;S047;S095
AnyList,specialist,active,IDENTITY / HOUSEHOLD,guests,P,"Partial, paywalled, role-limited, adjacent, or narrower than the requested feature.",S045;S046;S047;S095
AnyList,specialist,active,IDENTITY / HOUSEHOLD,roles,U,Not established by the reviewed evidence; not an absence claim.,S045;S046;S047;S095
AnyList,specialist,active,IDENTITY / HOUSEHOLD,granular permissions,U,Not established by the reviewed evidence; not an absence claim.,S045;S046;S047;S095
AnyList,specialist,active,IDENTITY / HOUSEHOLD,household ownership,U,Not established by the reviewed evidence; not an absence claim.,S045;S046;S047;S095
AnyList,specialist,active,IDENTITY / HOUSEHOLD,transferring ownership,U,Not established by the reviewed evidence; not an absence claim.,S045;S046;S047;S095
AnyList,specialist,active,TASKS / CHORES,one-off tasks,P,"Partial, paywalled, role-limited, adjacent, or narrower than the requested feature.",S045;S046;S047;S095
AnyList,specialist,active,TASKS / CHORES,recurring tasks,U,Not established by the reviewed evidence; not an absence claim.,S045;S046;S047;S095
AnyList,specialist,active,TASKS / CHORES,assignments,P,"Partial, paywalled, role-limited, adjacent, or narrower than the requested feature.",S045;S046;S047;S095
AnyList,specialist,active,TASKS / CHORES,multiple assignees,U,Not established by the reviewed evidence; not an absence claim.,S045;S046;S047;S095
AnyList,specialist,active,TASKS / CHORES,due dates,U,Not established by the reviewed evidence; not an absence claim.,S045;S046;S047;S095
AnyList,specialist,active,TASKS / CHORES,reminders,U,Not established by the reviewed evidence; not an absence claim.,S045;S046;S047;S095
AnyList,specialist,active,TASKS / CHORES,recurrence patterns,U,Not established by the reviewed evidence; not an absence claim.,S045;S046;S047;S095
AnyList,specialist,active,TASKS / CHORES,task templates,U,Not established by the reviewed evidence; not an absence claim.,S045;S046;S047;S095
AnyList,specialist,active,TASKS / CHORES,chore rotation,U,Not established by the reviewed evidence; not an absence claim.,S045;S046;S047;S095
AnyList,specialist,active,TASKS / CHORES,points/rewards,U,Not established by the reviewed evidence; not an absence claim.,S045;S046;S047;S095
AnyList,specialist,active,TASKS / CHORES,approval/completion confirmation,U,Not established by the reviewed evidence; not an absence claim.,S045;S046;S047;S095
AnyList,specialist,active,TASKS / CHORES,child-oriented chores,U,Not established by the reviewed evidence; not an absence claim.,S045;S046;S047;S095
AnyList,specialist,active,TASKS / CHORES,task history,P,"Partial, paywalled, role-limited, adjacent, or narrower than the requested feature.",S045;S046;S047;S095
AnyList,specialist,active,ROUTINES,morning/evening routines,U,Not established by the reviewed evidence; not an absence claim.,S045;S046;S047;S095
AnyList,specialist,active,ROUTINES,recurring household routines,U,Not established by the reviewed evidence; not an absence claim.,S045;S046;S047;S095
AnyList,specialist,active,ROUTINES,checklists,U,Not established by the reviewed evidence; not an absence claim.,S045;S046;S047;S095
AnyList,specialist,active,ROUTINES,sequential routines,U,Not established by the reviewed evidence; not an absence claim.,S045;S046;S047;S095
AnyList,specialist,active,ROUTINES,reusable routine templates,U,Not established by the reviewed evidence; not an absence claim.,S045;S046;S047;S095
AnyList,specialist,active,ROUTINES,household automation,U,Not established by the reviewed evidence; not an absence claim.,S045;S046;S047;S095
AnyList,specialist,active,CALENDAR,shared calendar,U,Not established by the reviewed evidence; not an absence claim.,S045;S046;S047;S095
AnyList,specialist,active,CALENDAR,personal calendars,U,Not established by the reviewed evidence; not an absence claim.,S045;S046;S047;S095
AnyList,specialist,active,CALENDAR,household events,U,Not established by the reviewed evidence; not an absence claim.,S045;S046;S047;S095
AnyList,specialist,active,CALENDAR,recurring events,U,Not established by the reviewed evidence; not an absence claim.,S045;S046;S047;S095
AnyList,specialist,active,CALENDAR,calendar reminders,U,Not established by the reviewed evidence; not an absence claim.,S045;S046;S047;S095
AnyList,specialist,active,CALENDAR,external calendar sync,U,Not established by the reviewed evidence; not an absence claim.,S045;S046;S047;S095
AnyList,specialist,active,CALENDAR,Google Calendar,U,Not established by the reviewed evidence; not an absence claim.,S045;S046;S047;S095
AnyList,specialist,active,CALENDAR,Apple Calendar,U,Not established by the reviewed evidence; not an absence claim.,S045;S046;S047;S095
AnyList,specialist,active,CALENDAR,Outlook,U,Not established by the reviewed evidence; not an absence claim.,S045;S046;S047;S095
AnyList,specialist,active,CALENDAR,school schedules,U,Not established by the reviewed evidence; not an absence claim.,S045;S046;S047;S095
AnyList,specialist,active,CALENDAR,pickup/dropoff,U,Not established by the reviewed evidence; not an absence claim.,S045;S046;S047;S095
AnyList,specialist,active,CALENDAR,event assignments,U,Not established by the reviewed evidence; not an absence claim.,S045;S046;S047;S095
AnyList,specialist,active,CALENDAR,RSVP,U,Not established by the reviewed evidence; not an absence claim.,S045;S046;S047;S095
AnyList,specialist,active,CALENDAR,event location,U,Not established by the reviewed evidence; not an absence claim.,S045;S046;S047;S095
AnyList,specialist,active,CALENDAR,attachments/notes,U,Not established by the reviewed evidence; not an absence claim.,S045;S046;S047;S095
AnyList,specialist,active,TODAY / DASHBOARD,daily overview,U,Not established by the reviewed evidence; not an absence claim.,S045;S046;S047;S095
AnyList,specialist,active,TODAY / DASHBOARD,personalized view,U,Not established by the reviewed evidence; not an absence claim.,S045;S046;S047;S095
AnyList,specialist,active,TODAY / DASHBOARD,household-wide view,U,Not established by the reviewed evidence; not an absence claim.,S045;S046;S047;S095
AnyList,specialist,active,TODAY / DASHBOARD,overdue tasks,U,Not established by the reviewed evidence; not an absence claim.,S045;S046;S047;S095
AnyList,specialist,active,TODAY / DASHBOARD,upcoming events,U,Not established by the reviewed evidence; not an absence claim.,S045;S046;S047;S095
AnyList,specialist,active,TODAY / DASHBOARD,shopping needs,U,Not established by the reviewed evidence; not an absence claim.,S045;S046;S047;S095
AnyList,specialist,active,TODAY / DASHBOARD,dashboard reminders,U,Not established by the reviewed evidence; not an absence claim.,S045;S046;S047;S095
AnyList,specialist,active,TODAY / DASHBOARD,proactive suggestions,U,Not established by the reviewed evidence; not an absence claim.,S045;S046;S047;S095
AnyList,specialist,active,TODAY / DASHBOARD,priority logic,U,Not established by the reviewed evidence; not an absence claim.,S045;S046;S047;S095
AnyList,specialist,active,SHOPPING,multiple lists,Y,Source-backed support in the reviewed product/support evidence.,S045;S046;S047;S095
AnyList,specialist,active,SHOPPING,realtime collaboration,Y,Source-backed support in the reviewed product/support evidence.,S045;S046;S047;S095
AnyList,specialist,active,SHOPPING,shopping assignment,P,"Partial, paywalled, role-limited, adjacent, or narrower than the requested feature.",S045;S046;S047;S095
AnyList,specialist,active,SHOPPING,categories,Y,Source-backed support in the reviewed product/support evidence.,S045;S046;S047;S095
AnyList,specialist,active,SHOPPING,recurring purchases,P,"Partial, paywalled, role-limited, adjacent, or narrower than the requested feature.",S045;S046;S047;S095
AnyList,specialist,active,SHOPPING,shopping history,Y,Source-backed support in the reviewed product/support evidence.,S045;S046;S047;S095
AnyList,specialist,active,SHOPPING,grocery-specific behavior,Y,Source-backed support in the reviewed product/support evidence.,S045;S046;S047;S095
AnyList,specialist,active,SHOPPING,barcode/scanning,P,"Partial, paywalled, role-limited, adjacent, or narrower than the requested feature.",S045;S046;S047;S095
AnyList,specialist,active,SHOPPING,store organization,Y,Source-backed support in the reviewed product/support evidence.,S045;S046;S047;S095
AnyList,specialist,active,SHOPPING,intelligent suggestions,P,"Partial, paywalled, role-limited, adjacent, or narrower than the requested feature.",S045;S046;S047;S095
AnyList,specialist,active,MEALS,meal planning,Y,Source-backed support in the reviewed product/support evidence.,S045;S046;S047;S095
AnyList,specialist,active,MEALS,recipes,Y,Source-backed support in the reviewed product/support evidence.,S045;S046;S047;S095
AnyList,specialist,active,MEALS,shopping integration,Y,Source-backed support in the reviewed product/support evidence.,S045;S046;S047;S095
AnyList,specialist,active,MEALS,recurring meals,P,"Partial, paywalled, role-limited, adjacent, or narrower than the requested feature.",S045;S046;S047;S095
AnyList,specialist,active,MEALS,dietary preferences,P,"Partial, paywalled, role-limited, adjacent, or narrower than the requested feature.",S045;S046;S047;S095
AnyList,specialist,active,EXPENSES,shared expenses,U,Not established by the reviewed evidence; not an absence claim.,S045;S046;S047;S095
AnyList,specialist,active,EXPENSES,reimbursements,U,Not established by the reviewed evidence; not an absence claim.,S045;S046;S047;S095
AnyList,specialist,active,EXPENSES,household budgets,U,Not established by the reviewed evidence; not an absence claim.,S045;S046;S047;S095
AnyList,specialist,active,EXPENSES,recurring bills,U,Not established by the reviewed evidence; not an absence claim.,S045;S046;S047;S095
AnyList,specialist,active,EXPENSES,payment integration,U,Not established by the reviewed evidence; not an absence claim.,S045;S046;S047;S095
AnyList,specialist,active,EXPENSES,receipt handling,U,Not established by the reviewed evidence; not an absence claim.,S045;S046;S047;S095
AnyList,specialist,active,HOME MAINTENANCE,maintenance tasks,U,Not established by the reviewed evidence; not an absence claim.,S045;S046;S047;S095
AnyList,specialist,active,HOME MAINTENANCE,maintenance schedules,U,Not established by the reviewed evidence; not an absence claim.,S045;S046;S047;S095
AnyList,specialist,active,HOME MAINTENANCE,assets/appliances,U,Not established by the reviewed evidence; not an absence claim.,S045;S046;S047;S095
AnyList,specialist,active,HOME MAINTENANCE,warranties,U,Not established by the reviewed evidence; not an absence claim.,S045;S046;S047;S095
AnyList,specialist,active,HOME MAINTENANCE,documents,U,Not established by the reviewed evidence; not an absence claim.,S045;S046;S047;S095
AnyList,specialist,active,HOME MAINTENANCE,service history,U,Not established by the reviewed evidence; not an absence claim.,S045;S046;S047;S095
AnyList,specialist,active,HOME MAINTENANCE,contractors,U,Not established by the reviewed evidence; not an absence claim.,S045;S046;S047;S095
AnyList,specialist,active,HOME MAINTENANCE,recurring maintenance reminders,U,Not established by the reviewed evidence; not an absence claim.,S045;S046;S047;S095
AnyList,specialist,active,COMMUNICATION,household chat,U,Not established by the reviewed evidence; not an absence claim.,S095
AnyList,specialist,active,COMMUNICATION,comments,U,Not established by the reviewed evidence; not an absence claim.,S095
AnyList,specialist,active,COMMUNICATION,task comments,U,Not established by the reviewed evidence; not an absence claim.,S095
AnyList,specialist,active,COMMUNICATION,announcements,U,Not established by the reviewed evidence; not an absence claim.,S095
AnyList,specialist,active,COMMUNICATION,notifications,Y,Source-backed support in the reviewed product/support evidence.,S095
AnyList,specialist,active,COMMUNICATION,push notifications,Y,Source-backed support in the reviewed product/support evidence.,S095
AnyList,specialist,active,COMMUNICATION,email,U,Not established by the reviewed evidence; not an absence claim.,S095
AnyList,specialist,active,COMMUNICATION,activity feed,U,Not established by the reviewed evidence; not an absence claim.,S095
AnyList,specialist,active,CHILD / FAMILY LOGISTICS,school,U,Not established by the reviewed evidence; not an absence claim.,S045;S046;S047;S095
AnyList,specialist,active,CHILD / FAMILY LOGISTICS,custody/co-parenting,U,Not established by the reviewed evidence; not an absence claim.,S045;S046;S047;S095
AnyList,specialist,active,CHILD / FAMILY LOGISTICS,family pickup/dropoff,U,Not established by the reviewed evidence; not an absence claim.,S045;S046;S047;S095
AnyList,specialist,active,CHILD / FAMILY LOGISTICS,sports,U,Not established by the reviewed evidence; not an absence claim.,S045;S046;S047;S095
AnyList,specialist,active,CHILD / FAMILY LOGISTICS,daycare,U,Not established by the reviewed evidence; not an absence claim.,S045;S046;S047;S095
AnyList,specialist,active,CHILD / FAMILY LOGISTICS,medication reminders,U,Not established by the reviewed evidence; not an absence claim.,S045;S046;S047;S095
AnyList,specialist,active,CHILD / FAMILY LOGISTICS,child permissions,U,Not established by the reviewed evidence; not an absence claim.,S045;S046;S047;S095
AnyList,specialist,active,CHILD / FAMILY LOGISTICS,family caregivers,U,Not established by the reviewed evidence; not an absence claim.,S045;S046;S047;S095
AnyList,specialist,active,CONNECTION BETWEEN HOUSEHOLDS,household-to-household connections,U,Not established by the reviewed evidence; not an absence claim.,S045;S046;S047;S095
AnyList,specialist,active,CONNECTION BETWEEN HOUSEHOLDS,family friends,P,"Partial, paywalled, role-limited, adjacent, or narrower than the requested feature.",S045;S046;S047;S095
AnyList,specialist,active,CONNECTION BETWEEN HOUSEHOLDS,relatives,P,"Partial, paywalled, role-limited, adjacent, or narrower than the requested feature.",S045;S046;S047;S095
AnyList,specialist,active,CONNECTION BETWEEN HOUSEHOLDS,neighbours,U,Not established by the reviewed evidence; not an absence claim.,S045;S046;S047;S095
AnyList,specialist,active,CONNECTION BETWEEN HOUSEHOLDS,trusted household networks,P,"Partial, paywalled, role-limited, adjacent, or narrower than the requested feature.",S045;S046;S047;S095
AnyList,specialist,active,CONNECTION BETWEEN HOUSEHOLDS,shared events between households,U,Not established by the reviewed evidence; not an absence claim.,S045;S046;S047;S095
AnyList,specialist,active,CONNECTION BETWEEN HOUSEHOLDS,shared childcare,U,Not established by the reviewed evidence; not an absence claim.,S045;S046;S047;S095
AnyList,specialist,active,CONNECTION BETWEEN HOUSEHOLDS,shared shopping/tasks,P,"Partial, paywalled, role-limited, adjacent, or narrower than the requested feature.",S045;S046;S047;S095
AnyList,specialist,active,CONNECTION BETWEEN HOUSEHOLDS,discovery,U,Not established by the reviewed evidence; not an absence claim.,S045;S046;S047;S095
AnyList,specialist,active,CONNECTION BETWEEN HOUSEHOLDS,public/private household profiles,U,Not established by the reviewed evidence; not an absence claim.,S045;S046;S047;S095
AnyList,specialist,active,AI / AUTOMATION,AI planning,U,Not established by the reviewed evidence; not an absence claim.,S045;S046;S047
AnyList,specialist,active,AI / AUTOMATION,natural-language task creation,U,Not established by the reviewed evidence; not an absence claim.,S045;S046;S047
AnyList,specialist,active,AI / AUTOMATION,automatic scheduling,U,Not established by the reviewed evidence; not an absence claim.,S045;S046;S047
AnyList,specialist,active,AI / AUTOMATION,recurring rule generation,U,Not established by the reviewed evidence; not an absence claim.,S045;S046;S047
AnyList,specialist,active,AI / AUTOMATION,proactive reminders,U,Not established by the reviewed evidence; not an absence claim.,S045;S046;S047
AnyList,specialist,active,AI / AUTOMATION,workload balancing,U,Not established by the reviewed evidence; not an absence claim.,S045;S046;S047
AnyList,specialist,active,AI / AUTOMATION,meal suggestions,U,Not established by the reviewed evidence; not an absence claim.,S045;S046;S047
AnyList,specialist,active,AI / AUTOMATION,shopping suggestions,U,Not established by the reviewed evidence; not an absence claim.,S045;S046;S047
AnyList,specialist,active,AI / AUTOMATION,household summaries,U,Not established by the reviewed evidence; not an absence claim.,S045;S046;S047
AnyList,specialist,active,AI / AUTOMATION,conflict detection,U,Not established by the reviewed evidence; not an absence claim.,S045;S046;S047
Splitwise,specialist,active,IDENTITY / HOUSEHOLD,account creation,Y,Source-backed support in the reviewed product/support evidence.,S048;S090
Splitwise,specialist,active,IDENTITY / HOUSEHOLD,households/families,P,"Partial, paywalled, role-limited, adjacent, or narrower than the requested feature.",S048;S090
Splitwise,specialist,active,IDENTITY / HOUSEHOLD,multiple households,P,"Partial, paywalled, role-limited, adjacent, or narrower than the requested feature.",S048;S090
Splitwise,specialist,active,IDENTITY / HOUSEHOLD,household switching,P,"Partial, paywalled, role-limited, adjacent, or narrower than the requested feature.",S048;S090
Splitwise,specialist,active,IDENTITY / HOUSEHOLD,invitations,Y,Source-backed support in the reviewed product/support evidence.,S048;S090
Splitwise,specialist,active,IDENTITY / HOUSEHOLD,adults,Y,Source-backed support in the reviewed product/support evidence.,S048;S090
Splitwise,specialist,active,IDENTITY / HOUSEHOLD,children,U,Not established by the reviewed evidence; not an absence claim.,S048;S090
Splitwise,specialist,active,IDENTITY / HOUSEHOLD,child accounts,U,Not established by the reviewed evidence; not an absence claim.,S048;S090
Splitwise,specialist,active,IDENTITY / HOUSEHOLD,users without login,U,Not established by the reviewed evidence; not an absence claim.,S048;S090
Splitwise,specialist,active,IDENTITY / HOUSEHOLD,grandparents,U,Not established by the reviewed evidence; not an absence claim.,S048;S090
Splitwise,specialist,active,IDENTITY / HOUSEHOLD,babysitters,U,Not established by the reviewed evidence; not an absence claim.,S048;S090
Splitwise,specialist,active,IDENTITY / HOUSEHOLD,caregivers,U,Not established by the reviewed evidence; not an absence claim.,S048;S090
Splitwise,specialist,active,IDENTITY / HOUSEHOLD,guests,U,Not established by the reviewed evidence; not an absence claim.,S048;S090
Splitwise,specialist,active,IDENTITY / HOUSEHOLD,roles,X,Official documentation states that groups have no admins or special roles.,S048;S090
Splitwise,specialist,active,IDENTITY / HOUSEHOLD,granular permissions,X,Official documentation states that special group permissions are unavailable.,S048;S090
Splitwise,specialist,active,IDENTITY / HOUSEHOLD,household ownership,X,The group creator explicitly receives no special authority.,S048;S090
Splitwise,specialist,active,IDENTITY / HOUSEHOLD,transferring ownership,U,Not established by the reviewed evidence; not an absence claim.,S048;S090
Splitwise,specialist,active,TASKS / CHORES,one-off tasks,U,Not established by the reviewed evidence; not an absence claim.,S048;S049;S050;S051;S090
Splitwise,specialist,active,TASKS / CHORES,recurring tasks,P,"Partial, paywalled, role-limited, adjacent, or narrower than the requested feature.",S048;S049;S050;S051;S090
Splitwise,specialist,active,TASKS / CHORES,assignments,P,"Partial, paywalled, role-limited, adjacent, or narrower than the requested feature.",S048;S049;S050;S051;S090
Splitwise,specialist,active,TASKS / CHORES,multiple assignees,U,Not established by the reviewed evidence; not an absence claim.,S048;S049;S050;S051;S090
Splitwise,specialist,active,TASKS / CHORES,due dates,P,"Partial, paywalled, role-limited, adjacent, or narrower than the requested feature.",S048;S049;S050;S051;S090
Splitwise,specialist,active,TASKS / CHORES,reminders,P,"Partial, paywalled, role-limited, adjacent, or narrower than the requested feature.",S048;S049;S050;S051;S090
Splitwise,specialist,active,TASKS / CHORES,recurrence patterns,P,"Partial, paywalled, role-limited, adjacent, or narrower than the requested feature.",S048;S049;S050;S051;S090
Splitwise,specialist,active,TASKS / CHORES,task templates,U,Not established by the reviewed evidence; not an absence claim.,S048;S049;S050;S051;S090
Splitwise,specialist,active,TASKS / CHORES,chore rotation,U,Not established by the reviewed evidence; not an absence claim.,S048;S049;S050;S051;S090
Splitwise,specialist,active,TASKS / CHORES,points/rewards,U,Not established by the reviewed evidence; not an absence claim.,S048;S049;S050;S051;S090
Splitwise,specialist,active,TASKS / CHORES,approval/completion confirmation,U,Not established by the reviewed evidence; not an absence claim.,S048;S049;S050;S051;S090
Splitwise,specialist,active,TASKS / CHORES,child-oriented chores,U,Not established by the reviewed evidence; not an absence claim.,S048;S049;S050;S051;S090
Splitwise,specialist,active,TASKS / CHORES,task history,P,"Partial, paywalled, role-limited, adjacent, or narrower than the requested feature.",S048;S049;S050;S051;S090
Splitwise,specialist,active,ROUTINES,morning/evening routines,U,Not established by the reviewed evidence; not an absence claim.,S048;S049;S050;S051;S090
Splitwise,specialist,active,ROUTINES,recurring household routines,U,Not established by the reviewed evidence; not an absence claim.,S048;S049;S050;S051;S090
Splitwise,specialist,active,ROUTINES,checklists,U,Not established by the reviewed evidence; not an absence claim.,S048;S049;S050;S051;S090
Splitwise,specialist,active,ROUTINES,sequential routines,U,Not established by the reviewed evidence; not an absence claim.,S048;S049;S050;S051;S090
Splitwise,specialist,active,ROUTINES,reusable routine templates,U,Not established by the reviewed evidence; not an absence claim.,S048;S049;S050;S051;S090
Splitwise,specialist,active,ROUTINES,household automation,U,Not established by the reviewed evidence; not an absence claim.,S048;S049;S050;S051;S090
Splitwise,specialist,active,CALENDAR,shared calendar,U,Not established by the reviewed evidence; not an absence claim.,S048;S049;S050;S051;S090
Splitwise,specialist,active,CALENDAR,personal calendars,U,Not established by the reviewed evidence; not an absence claim.,S048;S049;S050;S051;S090
Splitwise,specialist,active,CALENDAR,household events,U,Not established by the reviewed evidence; not an absence claim.,S048;S049;S050;S051;S090
Splitwise,specialist,active,CALENDAR,recurring events,U,Not established by the reviewed evidence; not an absence claim.,S048;S049;S050;S051;S090
Splitwise,specialist,active,CALENDAR,calendar reminders,U,Not established by the reviewed evidence; not an absence claim.,S048;S049;S050;S051;S090
Splitwise,specialist,active,CALENDAR,external calendar sync,U,Not established by the reviewed evidence; not an absence claim.,S048;S049;S050;S051;S090
Splitwise,specialist,active,CALENDAR,Google Calendar,U,Not established by the reviewed evidence; not an absence claim.,S048;S049;S050;S051;S090
Splitwise,specialist,active,CALENDAR,Apple Calendar,U,Not established by the reviewed evidence; not an absence claim.,S048;S049;S050;S051;S090
Splitwise,specialist,active,CALENDAR,Outlook,U,Not established by the reviewed evidence; not an absence claim.,S048;S049;S050;S051;S090
Splitwise,specialist,active,CALENDAR,school schedules,U,Not established by the reviewed evidence; not an absence claim.,S048;S049;S050;S051;S090
Splitwise,specialist,active,CALENDAR,pickup/dropoff,U,Not established by the reviewed evidence; not an absence claim.,S048;S049;S050;S051;S090
Splitwise,specialist,active,CALENDAR,event assignments,U,Not established by the reviewed evidence; not an absence claim.,S048;S049;S050;S051;S090
Splitwise,specialist,active,CALENDAR,RSVP,U,Not established by the reviewed evidence; not an absence claim.,S048;S049;S050;S051;S090
Splitwise,specialist,active,CALENDAR,event location,U,Not established by the reviewed evidence; not an absence claim.,S048;S049;S050;S051;S090
Splitwise,specialist,active,CALENDAR,attachments/notes,U,Not established by the reviewed evidence; not an absence claim.,S048;S049;S050;S051;S090
Splitwise,specialist,active,TODAY / DASHBOARD,daily overview,U,Not established by the reviewed evidence; not an absence claim.,S048;S049;S050;S051;S090
Splitwise,specialist,active,TODAY / DASHBOARD,personalized view,U,Not established by the reviewed evidence; not an absence claim.,S048;S049;S050;S051;S090
Splitwise,specialist,active,TODAY / DASHBOARD,household-wide view,U,Not established by the reviewed evidence; not an absence claim.,S048;S049;S050;S051;S090
Splitwise,specialist,active,TODAY / DASHBOARD,overdue tasks,U,Not established by the reviewed evidence; not an absence claim.,S048;S049;S050;S051;S090
Splitwise,specialist,active,TODAY / DASHBOARD,upcoming events,U,Not established by the reviewed evidence; not an absence claim.,S048;S049;S050;S051;S090
Splitwise,specialist,active,TODAY / DASHBOARD,shopping needs,U,Not established by the reviewed evidence; not an absence claim.,S048;S049;S050;S051;S090
Splitwise,specialist,active,TODAY / DASHBOARD,dashboard reminders,U,Not established by the reviewed evidence; not an absence claim.,S048;S049;S050;S051;S090
Splitwise,specialist,active,TODAY / DASHBOARD,proactive suggestions,U,Not established by the reviewed evidence; not an absence claim.,S048;S049;S050;S051;S090
Splitwise,specialist,active,TODAY / DASHBOARD,priority logic,U,Not established by the reviewed evidence; not an absence claim.,S048;S049;S050;S051;S090
Splitwise,specialist,active,SHOPPING,multiple lists,U,Not established by the reviewed evidence; not an absence claim.,S048;S049;S050;S051;S090
Splitwise,specialist,active,SHOPPING,realtime collaboration,U,Not established by the reviewed evidence; not an absence claim.,S048;S049;S050;S051;S090
Splitwise,specialist,active,SHOPPING,shopping assignment,U,Not established by the reviewed evidence; not an absence claim.,S048;S049;S050;S051;S090
Splitwise,specialist,active,SHOPPING,categories,U,Not established by the reviewed evidence; not an absence claim.,S048;S049;S050;S051;S090
Splitwise,specialist,active,SHOPPING,recurring purchases,U,Not established by the reviewed evidence; not an absence claim.,S048;S049;S050;S051;S090
Splitwise,specialist,active,SHOPPING,shopping history,U,Not established by the reviewed evidence; not an absence claim.,S048;S049;S050;S051;S090
Splitwise,specialist,active,SHOPPING,grocery-specific behavior,U,Not established by the reviewed evidence; not an absence claim.,S048;S049;S050;S051;S090
Splitwise,specialist,active,SHOPPING,barcode/scanning,U,Not established by the reviewed evidence; not an absence claim.,S048;S049;S050;S051;S090
Splitwise,specialist,active,SHOPPING,store organization,U,Not established by the reviewed evidence; not an absence claim.,S048;S049;S050;S051;S090
Splitwise,specialist,active,SHOPPING,intelligent suggestions,U,Not established by the reviewed evidence; not an absence claim.,S048;S049;S050;S051;S090
Splitwise,specialist,active,MEALS,meal planning,U,Not established by the reviewed evidence; not an absence claim.,S048;S049;S050;S051;S090
Splitwise,specialist,active,MEALS,recipes,U,Not established by the reviewed evidence; not an absence claim.,S048;S049;S050;S051;S090
Splitwise,specialist,active,MEALS,shopping integration,U,Not established by the reviewed evidence; not an absence claim.,S048;S049;S050;S051;S090
Splitwise,specialist,active,MEALS,recurring meals,U,Not established by the reviewed evidence; not an absence claim.,S048;S049;S050;S051;S090
Splitwise,specialist,active,MEALS,dietary preferences,U,Not established by the reviewed evidence; not an absence claim.,S048;S049;S050;S051;S090
Splitwise,specialist,active,EXPENSES,shared expenses,Y,Source-backed support in the reviewed product/support evidence.,S048;S049;S050;S051;S090
Splitwise,specialist,active,EXPENSES,reimbursements,Y,Source-backed support in the reviewed product/support evidence.,S048;S049;S050;S051;S090
Splitwise,specialist,active,EXPENSES,household budgets,P,"Partial, paywalled, role-limited, adjacent, or narrower than the requested feature.",S048;S049;S050;S051;S090
Splitwise,specialist,active,EXPENSES,recurring bills,Y,Source-backed support in the reviewed product/support evidence.,S048;S049;S050;S051;S090
Splitwise,specialist,active,EXPENSES,payment integration,Y,Source-backed support in the reviewed product/support evidence.,S048;S049;S050;S051;S090
Splitwise,specialist,active,EXPENSES,receipt handling,Y,Source-backed support in the reviewed product/support evidence.,S048;S049;S050;S051;S090
Splitwise,specialist,active,HOME MAINTENANCE,maintenance tasks,U,Not established by the reviewed evidence; not an absence claim.,S048;S049;S050;S051;S090
Splitwise,specialist,active,HOME MAINTENANCE,maintenance schedules,U,Not established by the reviewed evidence; not an absence claim.,S048;S049;S050;S051;S090
Splitwise,specialist,active,HOME MAINTENANCE,assets/appliances,U,Not established by the reviewed evidence; not an absence claim.,S048;S049;S050;S051;S090
Splitwise,specialist,active,HOME MAINTENANCE,warranties,U,Not established by the reviewed evidence; not an absence claim.,S048;S049;S050;S051;S090
Splitwise,specialist,active,HOME MAINTENANCE,documents,U,Not established by the reviewed evidence; not an absence claim.,S048;S049;S050;S051;S090
Splitwise,specialist,active,HOME MAINTENANCE,service history,U,Not established by the reviewed evidence; not an absence claim.,S048;S049;S050;S051;S090
Splitwise,specialist,active,HOME MAINTENANCE,contractors,U,Not established by the reviewed evidence; not an absence claim.,S048;S049;S050;S051;S090
Splitwise,specialist,active,HOME MAINTENANCE,recurring maintenance reminders,U,Not established by the reviewed evidence; not an absence claim.,S048;S049;S050;S051;S090
Splitwise,specialist,active,COMMUNICATION,household chat,P,"Partial, paywalled, role-limited, adjacent, or narrower than the requested feature.",S048;S049;S050;S051;S090
Splitwise,specialist,active,COMMUNICATION,comments,Y,Source-backed support in the reviewed product/support evidence.,S048;S049;S050;S051;S090
Splitwise,specialist,active,COMMUNICATION,task comments,U,Not established by the reviewed evidence; not an absence claim.,S048;S049;S050;S051;S090
Splitwise,specialist,active,COMMUNICATION,announcements,P,"Partial, paywalled, role-limited, adjacent, or narrower than the requested feature.",S048;S049;S050;S051;S090
Splitwise,specialist,active,COMMUNICATION,notifications,Y,Source-backed support in the reviewed product/support evidence.,S048;S049;S050;S051;S090
Splitwise,specialist,active,COMMUNICATION,push notifications,Y,Source-backed support in the reviewed product/support evidence.,S048;S049;S050;S051;S090
Splitwise,specialist,active,COMMUNICATION,email,Y,Source-backed support in the reviewed product/support evidence.,S048;S049;S050;S051;S090
Splitwise,specialist,active,COMMUNICATION,activity feed,Y,Source-backed support in the reviewed product/support evidence.,S048;S049;S050;S051;S090
Splitwise,specialist,active,CHILD / FAMILY LOGISTICS,school,U,Not established by the reviewed evidence; not an absence claim.,S048;S049;S050;S051;S090
Splitwise,specialist,active,CHILD / FAMILY LOGISTICS,custody/co-parenting,U,Not established by the reviewed evidence; not an absence claim.,S048;S049;S050;S051;S090
Splitwise,specialist,active,CHILD / FAMILY LOGISTICS,family pickup/dropoff,U,Not established by the reviewed evidence; not an absence claim.,S048;S049;S050;S051;S090
Splitwise,specialist,active,CHILD / FAMILY LOGISTICS,sports,U,Not established by the reviewed evidence; not an absence claim.,S048;S049;S050;S051;S090
Splitwise,specialist,active,CHILD / FAMILY LOGISTICS,daycare,U,Not established by the reviewed evidence; not an absence claim.,S048;S049;S050;S051;S090
Splitwise,specialist,active,CHILD / FAMILY LOGISTICS,medication reminders,U,Not established by the reviewed evidence; not an absence claim.,S048;S049;S050;S051;S090
Splitwise,specialist,active,CHILD / FAMILY LOGISTICS,child permissions,U,Not established by the reviewed evidence; not an absence claim.,S048;S049;S050;S051;S090
Splitwise,specialist,active,CHILD / FAMILY LOGISTICS,family caregivers,U,Not established by the reviewed evidence; not an absence claim.,S048;S049;S050;S051;S090
Splitwise,specialist,active,CONNECTION BETWEEN HOUSEHOLDS,household-to-household connections,P,"Partial, paywalled, role-limited, adjacent, or narrower than the requested feature.",S048;S049;S050;S051;S090
Splitwise,specialist,active,CONNECTION BETWEEN HOUSEHOLDS,family friends,P,"Partial, paywalled, role-limited, adjacent, or narrower than the requested feature.",S048;S049;S050;S051;S090
Splitwise,specialist,active,CONNECTION BETWEEN HOUSEHOLDS,relatives,P,"Partial, paywalled, role-limited, adjacent, or narrower than the requested feature.",S048;S049;S050;S051;S090
Splitwise,specialist,active,CONNECTION BETWEEN HOUSEHOLDS,neighbours,U,Not established by the reviewed evidence; not an absence claim.,S048;S049;S050;S051;S090
Splitwise,specialist,active,CONNECTION BETWEEN HOUSEHOLDS,trusted household networks,P,"Partial, paywalled, role-limited, adjacent, or narrower than the requested feature.",S048;S049;S050;S051;S090
Splitwise,specialist,active,CONNECTION BETWEEN HOUSEHOLDS,shared events between households,U,Not established by the reviewed evidence; not an absence claim.,S048;S049;S050;S051;S090
Splitwise,specialist,active,CONNECTION BETWEEN HOUSEHOLDS,shared childcare,U,Not established by the reviewed evidence; not an absence claim.,S048;S049;S050;S051;S090
Splitwise,specialist,active,CONNECTION BETWEEN HOUSEHOLDS,shared shopping/tasks,P,"Partial, paywalled, role-limited, adjacent, or narrower than the requested feature.",S048;S049;S050;S051;S090
Splitwise,specialist,active,CONNECTION BETWEEN HOUSEHOLDS,discovery,U,Not established by the reviewed evidence; not an absence claim.,S048;S049;S050;S051;S090
Splitwise,specialist,active,CONNECTION BETWEEN HOUSEHOLDS,public/private household profiles,U,Not established by the reviewed evidence; not an absence claim.,S048;S049;S050;S051;S090
Splitwise,specialist,active,AI / AUTOMATION,AI planning,U,Not established by the reviewed evidence; not an absence claim.,S049;S050
Splitwise,specialist,active,AI / AUTOMATION,natural-language task creation,U,Not established by the reviewed evidence; not an absence claim.,S049;S050
Splitwise,specialist,active,AI / AUTOMATION,automatic scheduling,U,Not established by the reviewed evidence; not an absence claim.,S049;S050
Splitwise,specialist,active,AI / AUTOMATION,recurring rule generation,U,Not established by the reviewed evidence; not an absence claim.,S049;S050
Splitwise,specialist,active,AI / AUTOMATION,proactive reminders,U,Not established by the reviewed evidence; not an absence claim.,S049;S050
Splitwise,specialist,active,AI / AUTOMATION,workload balancing,U,Not established by the reviewed evidence; not an absence claim.,S049;S050
Splitwise,specialist,active,AI / AUTOMATION,meal suggestions,U,Not established by the reviewed evidence; not an absence claim.,S049;S050
Splitwise,specialist,active,AI / AUTOMATION,shopping suggestions,U,Not established by the reviewed evidence; not an absence claim.,S049;S050
Splitwise,specialist,active,AI / AUTOMATION,household summaries,U,Not established by the reviewed evidence; not an absence claim.,S049;S050
Splitwise,specialist,active,AI / AUTOMATION,conflict detection,U,Not established by the reviewed evidence; not an absence claim.,S049;S050
Dwellin,specialist,active,IDENTITY / HOUSEHOLD,account creation,Y,Source-backed support in the reviewed product/support evidence.,S052;S053;S091
Dwellin,specialist,active,IDENTITY / HOUSEHOLD,households/families,Y,Source-backed support in the reviewed product/support evidence.,S052;S053;S091
Dwellin,specialist,active,IDENTITY / HOUSEHOLD,multiple households,P,"Partial, paywalled, role-limited, adjacent, or narrower than the requested feature.",S052;S053;S091
Dwellin,specialist,active,IDENTITY / HOUSEHOLD,household switching,P,"Partial, paywalled, role-limited, adjacent, or narrower than the requested feature.",S052;S053;S091
Dwellin,specialist,active,IDENTITY / HOUSEHOLD,invitations,Y,Source-backed support in the reviewed product/support evidence.,S052;S053;S091
Dwellin,specialist,active,IDENTITY / HOUSEHOLD,adults,Y,Source-backed support in the reviewed product/support evidence.,S052;S053;S091
Dwellin,specialist,active,IDENTITY / HOUSEHOLD,children,U,Not established by the reviewed evidence; not an absence claim.,S052;S053;S091
Dwellin,specialist,active,IDENTITY / HOUSEHOLD,child accounts,U,Not established by the reviewed evidence; not an absence claim.,S052;S053;S091
Dwellin,specialist,active,IDENTITY / HOUSEHOLD,users without login,U,Not established by the reviewed evidence; not an absence claim.,S052;S053;S091
Dwellin,specialist,active,IDENTITY / HOUSEHOLD,grandparents,U,Not established by the reviewed evidence; not an absence claim.,S052;S053;S091
Dwellin,specialist,active,IDENTITY / HOUSEHOLD,babysitters,U,Not established by the reviewed evidence; not an absence claim.,S052;S053;S091
Dwellin,specialist,active,IDENTITY / HOUSEHOLD,caregivers,U,Not established by the reviewed evidence; not an absence claim.,S052;S053;S091
Dwellin,specialist,active,IDENTITY / HOUSEHOLD,guests,U,Not established by the reviewed evidence; not an absence claim.,S052;S053;S091
Dwellin,specialist,active,IDENTITY / HOUSEHOLD,roles,Y,Primary and Sub-Account Holder distinctions are directly documented.,S052;S053;S091
Dwellin,specialist,active,IDENTITY / HOUSEHOLD,granular permissions,U,Not established by the reviewed evidence; not an absence claim.,S052;S053;S091
Dwellin,specialist,active,IDENTITY / HOUSEHOLD,household ownership,Y,Source-backed support in the reviewed product/support evidence.,S052;S053;S091
Dwellin,specialist,active,IDENTITY / HOUSEHOLD,transferring ownership,U,Not established by the reviewed evidence; not an absence claim.,S052;S053;S091
Dwellin,specialist,active,TASKS / CHORES,one-off tasks,Y,Source-backed support in the reviewed product/support evidence.,S052;S053;S091
Dwellin,specialist,active,TASKS / CHORES,recurring tasks,Y,Source-backed support in the reviewed product/support evidence.,S052;S053;S091
Dwellin,specialist,active,TASKS / CHORES,assignments,Y,Source-backed support in the reviewed product/support evidence.,S052;S053;S091
Dwellin,specialist,active,TASKS / CHORES,multiple assignees,P,"Partial, paywalled, role-limited, adjacent, or narrower than the requested feature.",S052;S053;S091
Dwellin,specialist,active,TASKS / CHORES,due dates,Y,Source-backed support in the reviewed product/support evidence.,S052;S053;S091
Dwellin,specialist,active,TASKS / CHORES,reminders,Y,Source-backed support in the reviewed product/support evidence.,S052;S053;S091
Dwellin,specialist,active,TASKS / CHORES,recurrence patterns,Y,Source-backed support in the reviewed product/support evidence.,S052;S053;S091
Dwellin,specialist,active,TASKS / CHORES,task templates,Y,Source-backed support in the reviewed product/support evidence.,S052;S053;S091
Dwellin,specialist,active,TASKS / CHORES,chore rotation,U,Not established by the reviewed evidence; not an absence claim.,S052;S053;S091
Dwellin,specialist,active,TASKS / CHORES,points/rewards,U,Not established by the reviewed evidence; not an absence claim.,S052;S053;S091
Dwellin,specialist,active,TASKS / CHORES,approval/completion confirmation,P,"Partial, paywalled, role-limited, adjacent, or narrower than the requested feature.",S052;S053;S091
Dwellin,specialist,active,TASKS / CHORES,child-oriented chores,U,Not established by the reviewed evidence; not an absence claim.,S052;S053;S091
Dwellin,specialist,active,TASKS / CHORES,task history,Y,Source-backed support in the reviewed product/support evidence.,S052;S053;S091
Dwellin,specialist,active,ROUTINES,morning/evening routines,U,Not established by the reviewed evidence; not an absence claim.,S052;S053;S091
Dwellin,specialist,active,ROUTINES,recurring household routines,Y,Source-backed support in the reviewed product/support evidence.,S052;S053;S091
Dwellin,specialist,active,ROUTINES,checklists,Y,Source-backed support in the reviewed product/support evidence.,S052;S053;S091
Dwellin,specialist,active,ROUTINES,sequential routines,U,Not established by the reviewed evidence; not an absence claim.,S052;S053;S091
Dwellin,specialist,active,ROUTINES,reusable routine templates,Y,Source-backed support in the reviewed product/support evidence.,S052;S053;S091
Dwellin,specialist,active,ROUTINES,household automation,Y,Source-backed support in the reviewed product/support evidence.,S052;S053;S091
Dwellin,specialist,active,CALENDAR,shared calendar,P,"Partial, paywalled, role-limited, adjacent, or narrower than the requested feature.",S052;S053;S091
Dwellin,specialist,active,CALENDAR,personal calendars,U,Not established by the reviewed evidence; not an absence claim.,S052;S053;S091
Dwellin,specialist,active,CALENDAR,household events,P,"Partial, paywalled, role-limited, adjacent, or narrower than the requested feature.",S052;S053;S091
Dwellin,specialist,active,CALENDAR,recurring events,P,"Partial, paywalled, role-limited, adjacent, or narrower than the requested feature.",S052;S053;S091
Dwellin,specialist,active,CALENDAR,calendar reminders,P,"Partial, paywalled, role-limited, adjacent, or narrower than the requested feature.",S052;S053;S091
Dwellin,specialist,active,CALENDAR,external calendar sync,P,"Partial, paywalled, role-limited, adjacent, or narrower than the requested feature.",S052;S053;S091
Dwellin,specialist,active,CALENDAR,Google Calendar,U,Not established by the reviewed evidence; not an absence claim.,S052;S053;S091
Dwellin,specialist,active,CALENDAR,Apple Calendar,U,Not established by the reviewed evidence; not an absence claim.,S052;S053;S091
Dwellin,specialist,active,CALENDAR,Outlook,U,Not established by the reviewed evidence; not an absence claim.,S052;S053;S091
Dwellin,specialist,active,CALENDAR,school schedules,U,Not established by the reviewed evidence; not an absence claim.,S052;S053;S091
Dwellin,specialist,active,CALENDAR,pickup/dropoff,U,Not established by the reviewed evidence; not an absence claim.,S052;S053;S091
Dwellin,specialist,active,CALENDAR,event assignments,U,Not established by the reviewed evidence; not an absence claim.,S052;S053;S091
Dwellin,specialist,active,CALENDAR,RSVP,U,Not established by the reviewed evidence; not an absence claim.,S052;S053;S091
Dwellin,specialist,active,CALENDAR,event location,U,Not established by the reviewed evidence; not an absence claim.,S052;S053;S091
Dwellin,specialist,active,CALENDAR,attachments/notes,P,"Partial, paywalled, role-limited, adjacent, or narrower than the requested feature.",S052;S053;S091
Dwellin,specialist,active,TODAY / DASHBOARD,daily overview,Y,Source-backed support in the reviewed product/support evidence.,S052;S053;S091
Dwellin,specialist,active,TODAY / DASHBOARD,personalized view,Y,Source-backed support in the reviewed product/support evidence.,S052;S053;S091
Dwellin,specialist,active,TODAY / DASHBOARD,household-wide view,Y,Source-backed support in the reviewed product/support evidence.,S052;S053;S091
Dwellin,specialist,active,TODAY / DASHBOARD,overdue tasks,Y,Source-backed support in the reviewed product/support evidence.,S052;S053;S091
Dwellin,specialist,active,TODAY / DASHBOARD,upcoming events,Y,Source-backed support in the reviewed product/support evidence.,S052;S053;S091
Dwellin,specialist,active,TODAY / DASHBOARD,shopping needs,U,Not established by the reviewed evidence; not an absence claim.,S052;S053;S091
Dwellin,specialist,active,TODAY / DASHBOARD,dashboard reminders,Y,Source-backed support in the reviewed product/support evidence.,S052;S053;S091
Dwellin,specialist,active,TODAY / DASHBOARD,proactive suggestions,P,"Partial, paywalled, role-limited, adjacent, or narrower than the requested feature.",S052;S053;S091
Dwellin,specialist,active,TODAY / DASHBOARD,priority logic,Y,Source-backed support in the reviewed product/support evidence.,S052;S053;S091
Dwellin,specialist,active,SHOPPING,multiple lists,U,Not established by the reviewed evidence; not an absence claim.,S052;S053;S091
Dwellin,specialist,active,SHOPPING,realtime collaboration,U,Not established by the reviewed evidence; not an absence claim.,S052;S053;S091
Dwellin,specialist,active,SHOPPING,shopping assignment,U,Not established by the reviewed evidence; not an absence claim.,S052;S053;S091
Dwellin,specialist,active,SHOPPING,categories,U,Not established by the reviewed evidence; not an absence claim.,S052;S053;S091
Dwellin,specialist,active,SHOPPING,recurring purchases,U,Not established by the reviewed evidence; not an absence claim.,S052;S053;S091
Dwellin,specialist,active,SHOPPING,shopping history,U,Not established by the reviewed evidence; not an absence claim.,S052;S053;S091
Dwellin,specialist,active,SHOPPING,grocery-specific behavior,U,Not established by the reviewed evidence; not an absence claim.,S052;S053;S091
Dwellin,specialist,active,SHOPPING,barcode/scanning,U,Not established by the reviewed evidence; not an absence claim.,S052;S053;S091
Dwellin,specialist,active,SHOPPING,store organization,U,Not established by the reviewed evidence; not an absence claim.,S052;S053;S091
Dwellin,specialist,active,SHOPPING,intelligent suggestions,U,Not established by the reviewed evidence; not an absence claim.,S052;S053;S091
Dwellin,specialist,active,MEALS,meal planning,U,Not established by the reviewed evidence; not an absence claim.,S052;S053;S091
Dwellin,specialist,active,MEALS,recipes,U,Not established by the reviewed evidence; not an absence claim.,S052;S053;S091
Dwellin,specialist,active,MEALS,shopping integration,U,Not established by the reviewed evidence; not an absence claim.,S052;S053;S091
Dwellin,specialist,active,MEALS,recurring meals,U,Not established by the reviewed evidence; not an absence claim.,S052;S053;S091
Dwellin,specialist,active,MEALS,dietary preferences,U,Not established by the reviewed evidence; not an absence claim.,S052;S053;S091
Dwellin,specialist,active,EXPENSES,shared expenses,U,Not established by the reviewed evidence; not an absence claim.,S052;S053;S091
Dwellin,specialist,active,EXPENSES,reimbursements,U,Not established by the reviewed evidence; not an absence claim.,S052;S053;S091
Dwellin,specialist,active,EXPENSES,household budgets,U,Not established by the reviewed evidence; not an absence claim.,S052;S053;S091
Dwellin,specialist,active,EXPENSES,recurring bills,U,Not established by the reviewed evidence; not an absence claim.,S052;S053;S091
Dwellin,specialist,active,EXPENSES,payment integration,U,Not established by the reviewed evidence; not an absence claim.,S052;S053;S091
Dwellin,specialist,active,EXPENSES,receipt handling,U,Not established by the reviewed evidence; not an absence claim.,S052;S053;S091
Dwellin,specialist,active,HOME MAINTENANCE,maintenance tasks,Y,Source-backed support in the reviewed product/support evidence.,S052;S053;S091
Dwellin,specialist,active,HOME MAINTENANCE,maintenance schedules,Y,Source-backed support in the reviewed product/support evidence.,S052;S053;S091
Dwellin,specialist,active,HOME MAINTENANCE,assets/appliances,Y,Source-backed support in the reviewed product/support evidence.,S052;S053;S091
Dwellin,specialist,active,HOME MAINTENANCE,warranties,Y,Source-backed support in the reviewed product/support evidence.,S052;S053;S091
Dwellin,specialist,active,HOME MAINTENANCE,documents,Y,Source-backed support in the reviewed product/support evidence.,S052;S053;S091
Dwellin,specialist,active,HOME MAINTENANCE,service history,Y,Source-backed support in the reviewed product/support evidence.,S052;S053;S091
Dwellin,specialist,active,HOME MAINTENANCE,contractors,Y,Source-backed support in the reviewed product/support evidence.,S052;S053;S091
Dwellin,specialist,active,HOME MAINTENANCE,recurring maintenance reminders,Y,Source-backed support in the reviewed product/support evidence.,S052;S053;S091
Dwellin,specialist,active,COMMUNICATION,household chat,U,Not established by the reviewed evidence; not an absence claim.,S052;S053;S091
Dwellin,specialist,active,COMMUNICATION,comments,U,Not established by the reviewed evidence; not an absence claim.,S052;S053;S091
Dwellin,specialist,active,COMMUNICATION,task comments,U,Not established by the reviewed evidence; not an absence claim.,S052;S053;S091
Dwellin,specialist,active,COMMUNICATION,announcements,U,Not established by the reviewed evidence; not an absence claim.,S052;S053;S091
Dwellin,specialist,active,COMMUNICATION,notifications,P,"Partial, paywalled, role-limited, adjacent, or narrower than the requested feature.",S052;S053;S091
Dwellin,specialist,active,COMMUNICATION,push notifications,U,Not established by the reviewed evidence; not an absence claim.,S052;S053;S091
Dwellin,specialist,active,COMMUNICATION,email,U,Not established by the reviewed evidence; not an absence claim.,S052;S053;S091
Dwellin,specialist,active,COMMUNICATION,activity feed,U,Not established by the reviewed evidence; not an absence claim.,S052;S053;S091
Dwellin,specialist,active,CHILD / FAMILY LOGISTICS,school,U,Not established by the reviewed evidence; not an absence claim.,S052;S053;S091
Dwellin,specialist,active,CHILD / FAMILY LOGISTICS,custody/co-parenting,U,Not established by the reviewed evidence; not an absence claim.,S052;S053;S091
Dwellin,specialist,active,CHILD / FAMILY LOGISTICS,family pickup/dropoff,U,Not established by the reviewed evidence; not an absence claim.,S052;S053;S091
Dwellin,specialist,active,CHILD / FAMILY LOGISTICS,sports,U,Not established by the reviewed evidence; not an absence claim.,S052;S053;S091
Dwellin,specialist,active,CHILD / FAMILY LOGISTICS,daycare,U,Not established by the reviewed evidence; not an absence claim.,S052;S053;S091
Dwellin,specialist,active,CHILD / FAMILY LOGISTICS,medication reminders,U,Not established by the reviewed evidence; not an absence claim.,S052;S053;S091
Dwellin,specialist,active,CHILD / FAMILY LOGISTICS,child permissions,U,Not established by the reviewed evidence; not an absence claim.,S052;S053;S091
Dwellin,specialist,active,CHILD / FAMILY LOGISTICS,family caregivers,U,Not established by the reviewed evidence; not an absence claim.,S052;S053;S091
Dwellin,specialist,active,CONNECTION BETWEEN HOUSEHOLDS,household-to-household connections,U,Not established by the reviewed evidence; not an absence claim.,S052;S053;S091
Dwellin,specialist,active,CONNECTION BETWEEN HOUSEHOLDS,family friends,U,Not established by the reviewed evidence; not an absence claim.,S052;S053;S091
Dwellin,specialist,active,CONNECTION BETWEEN HOUSEHOLDS,relatives,P,"Partial, paywalled, role-limited, adjacent, or narrower than the requested feature.",S052;S053;S091
Dwellin,specialist,active,CONNECTION BETWEEN HOUSEHOLDS,neighbours,U,Not established by the reviewed evidence; not an absence claim.,S052;S053;S091
Dwellin,specialist,active,CONNECTION BETWEEN HOUSEHOLDS,trusted household networks,U,Not established by the reviewed evidence; not an absence claim.,S052;S053;S091
Dwellin,specialist,active,CONNECTION BETWEEN HOUSEHOLDS,shared events between households,U,Not established by the reviewed evidence; not an absence claim.,S052;S053;S091
Dwellin,specialist,active,CONNECTION BETWEEN HOUSEHOLDS,shared childcare,U,Not established by the reviewed evidence; not an absence claim.,S052;S053;S091
Dwellin,specialist,active,CONNECTION BETWEEN HOUSEHOLDS,shared shopping/tasks,U,Not established by the reviewed evidence; not an absence claim.,S052;S053;S091
Dwellin,specialist,active,CONNECTION BETWEEN HOUSEHOLDS,discovery,U,Not established by the reviewed evidence; not an absence claim.,S052;S053;S091
Dwellin,specialist,active,CONNECTION BETWEEN HOUSEHOLDS,public/private household profiles,U,Not established by the reviewed evidence; not an absence claim.,S052;S053;S091
Dwellin,specialist,active,AI / AUTOMATION,AI planning,U,Not established by the reviewed evidence; not an absence claim.,S053
Dwellin,specialist,active,AI / AUTOMATION,natural-language task creation,U,Not established by the reviewed evidence; not an absence claim.,S053
Dwellin,specialist,active,AI / AUTOMATION,automatic scheduling,P,"Onboarding generates a maintenance-specific annual care calendar, not general automatic scheduling.",S053
Dwellin,specialist,active,AI / AUTOMATION,recurring rule generation,U,Not established by the reviewed evidence; not an absence claim.,S053
Dwellin,specialist,active,AI / AUTOMATION,proactive reminders,U,Not established by the reviewed evidence; not an absence claim.,S053
Dwellin,specialist,active,AI / AUTOMATION,workload balancing,U,Not established by the reviewed evidence; not an absence claim.,S053
Dwellin,specialist,active,AI / AUTOMATION,meal suggestions,U,Not established by the reviewed evidence; not an absence claim.,S053
Dwellin,specialist,active,AI / AUTOMATION,shopping suggestions,U,Not established by the reviewed evidence; not an absence claim.,S053
Dwellin,specialist,active,AI / AUTOMATION,household summaries,U,Not established by the reviewed evidence; not an absence claim.,S053
Dwellin,specialist,active,AI / AUTOMATION,conflict detection,U,Not established by the reviewed evidence; not an absence claim.,S053
Google Family,platform,active,IDENTITY / HOUSEHOLD,account creation,Y,Source-backed support in the reviewed product/support evidence.,S054;S055;S085
Google Family,platform,active,IDENTITY / HOUSEHOLD,households/families,Y,Source-backed support in the reviewed product/support evidence.,S054;S055;S085
Google Family,platform,active,IDENTITY / HOUSEHOLD,multiple households,X,Explicit product limitation or negative support in the cited evidence.,S054;S055;S085
Google Family,platform,active,IDENTITY / HOUSEHOLD,household switching,X,Explicit product limitation or negative support in the cited evidence.,S054;S055;S085
Google Family,platform,active,IDENTITY / HOUSEHOLD,invitations,Y,Source-backed support in the reviewed product/support evidence.,S054;S055;S085
Google Family,platform,active,IDENTITY / HOUSEHOLD,adults,Y,Source-backed support in the reviewed product/support evidence.,S054;S055;S085
Google Family,platform,active,IDENTITY / HOUSEHOLD,children,Y,Source-backed support in the reviewed product/support evidence.,S054;S055;S085
Google Family,platform,active,IDENTITY / HOUSEHOLD,child accounts,Y,Source-backed support in the reviewed product/support evidence.,S054;S055;S085
Google Family,platform,active,IDENTITY / HOUSEHOLD,users without login,U,Not established by the reviewed evidence; not an absence claim.,S054;S055;S085
Google Family,platform,active,IDENTITY / HOUSEHOLD,grandparents,P,"Partial, paywalled, role-limited, adjacent, or narrower than the requested feature.",S054;S055;S085
Google Family,platform,active,IDENTITY / HOUSEHOLD,babysitters,P,"Partial, paywalled, role-limited, adjacent, or narrower than the requested feature.",S054;S055;S085
Google Family,platform,active,IDENTITY / HOUSEHOLD,caregivers,P,"Partial, paywalled, role-limited, adjacent, or narrower than the requested feature.",S054;S055;S085
Google Family,platform,active,IDENTITY / HOUSEHOLD,guests,P,"Partial, paywalled, role-limited, adjacent, or narrower than the requested feature.",S054;S055;S085
Google Family,platform,active,IDENTITY / HOUSEHOLD,roles,Y,Source-backed support in the reviewed product/support evidence.,S054;S055;S085
Google Family,platform,active,IDENTITY / HOUSEHOLD,granular permissions,P,Manager/Parent/Member and child controls are product-specific and coarser than a general household ACL.,S054;S055;S085
Google Family,platform,active,IDENTITY / HOUSEHOLD,household ownership,Y,Source-backed support in the reviewed product/support evidence.,S054;S055;S085
Google Family,platform,active,IDENTITY / HOUSEHOLD,transferring ownership,P,"Partial, paywalled, role-limited, adjacent, or narrower than the requested feature.",S054;S055;S085
Google Family,platform,active,TASKS / CHORES,one-off tasks,U,Not established by the reviewed evidence; not an absence claim.,S054;S055;S085
Google Family,platform,active,TASKS / CHORES,recurring tasks,U,Not established by the reviewed evidence; not an absence claim.,S054;S055;S085
Google Family,platform,active,TASKS / CHORES,assignments,U,Not established by the reviewed evidence; not an absence claim.,S054;S055;S085
Google Family,platform,active,TASKS / CHORES,multiple assignees,U,Not established by the reviewed evidence; not an absence claim.,S054;S055;S085
Google Family,platform,active,TASKS / CHORES,due dates,U,Not established by the reviewed evidence; not an absence claim.,S054;S055;S085
Google Family,platform,active,TASKS / CHORES,reminders,U,Not established by the reviewed evidence; not an absence claim.,S054;S055;S085
Google Family,platform,active,TASKS / CHORES,recurrence patterns,U,Not established by the reviewed evidence; not an absence claim.,S054;S055;S085
Google Family,platform,active,TASKS / CHORES,task templates,U,Not established by the reviewed evidence; not an absence claim.,S054;S055;S085
Google Family,platform,active,TASKS / CHORES,chore rotation,U,Not established by the reviewed evidence; not an absence claim.,S054;S055;S085
Google Family,platform,active,TASKS / CHORES,points/rewards,U,Not established by the reviewed evidence; not an absence claim.,S054;S055;S085
Google Family,platform,active,TASKS / CHORES,approval/completion confirmation,U,Not established by the reviewed evidence; not an absence claim.,S054;S055;S085
Google Family,platform,active,TASKS / CHORES,child-oriented chores,U,Not established by the reviewed evidence; not an absence claim.,S054;S055;S085
Google Family,platform,active,TASKS / CHORES,task history,U,Not established by the reviewed evidence; not an absence claim.,S054;S055;S085
Google Family,platform,active,ROUTINES,morning/evening routines,U,Not established by the reviewed evidence; not an absence claim.,S054;S055;S085
Google Family,platform,active,ROUTINES,recurring household routines,U,Not established by the reviewed evidence; not an absence claim.,S054;S055;S085
Google Family,platform,active,ROUTINES,checklists,U,Not established by the reviewed evidence; not an absence claim.,S054;S055;S085
Google Family,platform,active,ROUTINES,sequential routines,U,Not established by the reviewed evidence; not an absence claim.,S054;S055;S085
Google Family,platform,active,ROUTINES,reusable routine templates,U,Not established by the reviewed evidence; not an absence claim.,S054;S055;S085
Google Family,platform,active,ROUTINES,household automation,U,Not established by the reviewed evidence; not an absence claim.,S054;S055;S085
Google Family,platform,active,CALENDAR,shared calendar,Y,Source-backed support in the reviewed product/support evidence.,S054;S055;S085
Google Family,platform,active,CALENDAR,personal calendars,Y,Source-backed support in the reviewed product/support evidence.,S054;S055;S085
Google Family,platform,active,CALENDAR,household events,Y,Source-backed support in the reviewed product/support evidence.,S054;S055;S085
Google Family,platform,active,CALENDAR,recurring events,Y,Source-backed support in the reviewed product/support evidence.,S054;S055;S085
Google Family,platform,active,CALENDAR,calendar reminders,Y,Source-backed support in the reviewed product/support evidence.,S054;S055;S085
Google Family,platform,active,CALENDAR,external calendar sync,U,Not established by the reviewed evidence; not an absence claim.,S054;S055;S085
Google Family,platform,active,CALENDAR,Google Calendar,Y,Source-backed support in the reviewed product/support evidence.,S054;S055;S085
Google Family,platform,active,CALENDAR,Apple Calendar,U,Not established by the reviewed evidence; not an absence claim.,S054;S055;S085
Google Family,platform,active,CALENDAR,Outlook,U,Not established by the reviewed evidence; not an absence claim.,S054;S055;S085
Google Family,platform,active,CALENDAR,school schedules,P,"Partial, paywalled, role-limited, adjacent, or narrower than the requested feature.",S054;S055;S085
Google Family,platform,active,CALENDAR,pickup/dropoff,P,"Partial, paywalled, role-limited, adjacent, or narrower than the requested feature.",S054;S055;S085
Google Family,platform,active,CALENDAR,event assignments,P,"Partial, paywalled, role-limited, adjacent, or narrower than the requested feature.",S054;S055;S085
Google Family,platform,active,CALENDAR,RSVP,P,"Partial, paywalled, role-limited, adjacent, or narrower than the requested feature.",S054;S055;S085
Google Family,platform,active,CALENDAR,event location,Y,Source-backed support in the reviewed product/support evidence.,S054;S055;S085
Google Family,platform,active,CALENDAR,attachments/notes,Y,Source-backed support in the reviewed product/support evidence.,S054;S055;S085
Google Family,platform,active,TODAY / DASHBOARD,daily overview,P,"Partial, paywalled, role-limited, adjacent, or narrower than the requested feature.",S054;S055;S085
Google Family,platform,active,TODAY / DASHBOARD,personalized view,P,"Partial, paywalled, role-limited, adjacent, or narrower than the requested feature.",S054;S055;S085
Google Family,platform,active,TODAY / DASHBOARD,household-wide view,P,"Partial, paywalled, role-limited, adjacent, or narrower than the requested feature.",S054;S055;S085
Google Family,platform,active,TODAY / DASHBOARD,overdue tasks,U,Not established by the reviewed evidence; not an absence claim.,S054;S055;S085
Google Family,platform,active,TODAY / DASHBOARD,upcoming events,P,"Partial, paywalled, role-limited, adjacent, or narrower than the requested feature.",S054;S055;S085
Google Family,platform,active,TODAY / DASHBOARD,shopping needs,P,"Partial, paywalled, role-limited, adjacent, or narrower than the requested feature.",S054;S055;S085
Google Family,platform,active,TODAY / DASHBOARD,dashboard reminders,P,"Partial, paywalled, role-limited, adjacent, or narrower than the requested feature.",S054;S055;S085
Google Family,platform,active,TODAY / DASHBOARD,proactive suggestions,U,Not established by the reviewed evidence; not an absence claim.,S054;S055;S085
Google Family,platform,active,TODAY / DASHBOARD,priority logic,U,Not established by the reviewed evidence; not an absence claim.,S054;S055;S085
Google Family,platform,active,SHOPPING,multiple lists,P,"Partial, paywalled, role-limited, adjacent, or narrower than the requested feature.",S054;S055;S085
Google Family,platform,active,SHOPPING,realtime collaboration,P,"Partial, paywalled, role-limited, adjacent, or narrower than the requested feature.",S054;S055;S085
Google Family,platform,active,SHOPPING,shopping assignment,U,Not established by the reviewed evidence; not an absence claim.,S054;S055;S085
Google Family,platform,active,SHOPPING,categories,P,"Partial, paywalled, role-limited, adjacent, or narrower than the requested feature.",S054;S055;S085
Google Family,platform,active,SHOPPING,recurring purchases,U,Not established by the reviewed evidence; not an absence claim.,S054;S055;S085
Google Family,platform,active,SHOPPING,shopping history,U,Not established by the reviewed evidence; not an absence claim.,S054;S055;S085
Google Family,platform,active,SHOPPING,grocery-specific behavior,P,"Partial, paywalled, role-limited, adjacent, or narrower than the requested feature.",S054;S055;S085
Google Family,platform,active,SHOPPING,barcode/scanning,U,Not established by the reviewed evidence; not an absence claim.,S054;S055;S085
Google Family,platform,active,SHOPPING,store organization,U,Not established by the reviewed evidence; not an absence claim.,S054;S055;S085
Google Family,platform,active,SHOPPING,intelligent suggestions,U,Not established by the reviewed evidence; not an absence claim.,S054;S055;S085
Google Family,platform,active,MEALS,meal planning,U,Not established by the reviewed evidence; not an absence claim.,S054;S055;S085
Google Family,platform,active,MEALS,recipes,U,Not established by the reviewed evidence; not an absence claim.,S054;S055;S085
Google Family,platform,active,MEALS,shopping integration,U,Not established by the reviewed evidence; not an absence claim.,S054;S055;S085
Google Family,platform,active,MEALS,recurring meals,U,Not established by the reviewed evidence; not an absence claim.,S054;S055;S085
Google Family,platform,active,MEALS,dietary preferences,U,Not established by the reviewed evidence; not an absence claim.,S054;S055;S085
Google Family,platform,active,EXPENSES,shared expenses,U,Not established by the reviewed evidence; not an absence claim.,S054;S055;S085
Google Family,platform,active,EXPENSES,reimbursements,U,Not established by the reviewed evidence; not an absence claim.,S054;S055;S085
Google Family,platform,active,EXPENSES,household budgets,U,Not established by the reviewed evidence; not an absence claim.,S054;S055;S085
Google Family,platform,active,EXPENSES,recurring bills,U,Not established by the reviewed evidence; not an absence claim.,S054;S055;S085
Google Family,platform,active,EXPENSES,payment integration,U,Not established by the reviewed evidence; not an absence claim.,S054;S055;S085
Google Family,platform,active,EXPENSES,receipt handling,U,Not established by the reviewed evidence; not an absence claim.,S054;S055;S085
Google Family,platform,active,HOME MAINTENANCE,maintenance tasks,U,Not established by the reviewed evidence; not an absence claim.,S054;S055;S085
Google Family,platform,active,HOME MAINTENANCE,maintenance schedules,U,Not established by the reviewed evidence; not an absence claim.,S054;S055;S085
Google Family,platform,active,HOME MAINTENANCE,assets/appliances,U,Not established by the reviewed evidence; not an absence claim.,S054;S055;S085
Google Family,platform,active,HOME MAINTENANCE,warranties,U,Not established by the reviewed evidence; not an absence claim.,S054;S055;S085
Google Family,platform,active,HOME MAINTENANCE,documents,U,Not established by the reviewed evidence; not an absence claim.,S054;S055;S085
Google Family,platform,active,HOME MAINTENANCE,service history,U,Not established by the reviewed evidence; not an absence claim.,S054;S055;S085
Google Family,platform,active,HOME MAINTENANCE,contractors,U,Not established by the reviewed evidence; not an absence claim.,S054;S055;S085
Google Family,platform,active,HOME MAINTENANCE,recurring maintenance reminders,U,Not established by the reviewed evidence; not an absence claim.,S054;S055;S085
Google Family,platform,active,COMMUNICATION,household chat,U,Not established by the reviewed evidence; not an absence claim.,S054;S055;S085
Google Family,platform,active,COMMUNICATION,comments,P,"Partial, paywalled, role-limited, adjacent, or narrower than the requested feature.",S054;S055;S085
Google Family,platform,active,COMMUNICATION,task comments,U,Not established by the reviewed evidence; not an absence claim.,S054;S055;S085
Google Family,platform,active,COMMUNICATION,announcements,U,Not established by the reviewed evidence; not an absence claim.,S054;S055;S085
Google Family,platform,active,COMMUNICATION,notifications,P,"Partial, paywalled, role-limited, adjacent, or narrower than the requested feature.",S054;S055;S085
Google Family,platform,active,COMMUNICATION,push notifications,P,"Partial, paywalled, role-limited, adjacent, or narrower than the requested feature.",S054;S055;S085
Google Family,platform,active,COMMUNICATION,email,P,"Partial, paywalled, role-limited, adjacent, or narrower than the requested feature.",S054;S055;S085
Google Family,platform,active,COMMUNICATION,activity feed,U,Not established by the reviewed evidence; not an absence claim.,S054;S055;S085
Google Family,platform,active,CHILD / FAMILY LOGISTICS,school,P,"Partial, paywalled, role-limited, adjacent, or narrower than the requested feature.",S054;S055;S085
Google Family,platform,active,CHILD / FAMILY LOGISTICS,custody/co-parenting,U,Not established by the reviewed evidence; not an absence claim.,S054;S055;S085
Google Family,platform,active,CHILD / FAMILY LOGISTICS,family pickup/dropoff,P,"Partial, paywalled, role-limited, adjacent, or narrower than the requested feature.",S054;S055;S085
Google Family,platform,active,CHILD / FAMILY LOGISTICS,sports,P,"Partial, paywalled, role-limited, adjacent, or narrower than the requested feature.",S054;S055;S085
Google Family,platform,active,CHILD / FAMILY LOGISTICS,daycare,P,"Partial, paywalled, role-limited, adjacent, or narrower than the requested feature.",S054;S055;S085
Google Family,platform,active,CHILD / FAMILY LOGISTICS,medication reminders,P,"Partial, paywalled, role-limited, adjacent, or narrower than the requested feature.",S054;S055;S085
Google Family,platform,active,CHILD / FAMILY LOGISTICS,child permissions,P,"Partial, paywalled, role-limited, adjacent, or narrower than the requested feature.",S054;S055;S085
Google Family,platform,active,CHILD / FAMILY LOGISTICS,family caregivers,P,"Partial, paywalled, role-limited, adjacent, or narrower than the requested feature.",S054;S055;S085
Google Family,platform,active,CONNECTION BETWEEN HOUSEHOLDS,household-to-household connections,U,Not established by the reviewed evidence; not an absence claim.,S054;S055;S085
Google Family,platform,active,CONNECTION BETWEEN HOUSEHOLDS,family friends,P,"Partial, paywalled, role-limited, adjacent, or narrower than the requested feature.",S054;S055;S085
Google Family,platform,active,CONNECTION BETWEEN HOUSEHOLDS,relatives,P,"Partial, paywalled, role-limited, adjacent, or narrower than the requested feature.",S054;S055;S085
Google Family,platform,active,CONNECTION BETWEEN HOUSEHOLDS,neighbours,P,"Partial, paywalled, role-limited, adjacent, or narrower than the requested feature.",S054;S055;S085
Google Family,platform,active,CONNECTION BETWEEN HOUSEHOLDS,trusted household networks,U,Not established by the reviewed evidence; not an absence claim.,S054;S055;S085
Google Family,platform,active,CONNECTION BETWEEN HOUSEHOLDS,shared events between households,P,"Partial, paywalled, role-limited, adjacent, or narrower than the requested feature.",S054;S055;S085
Google Family,platform,active,CONNECTION BETWEEN HOUSEHOLDS,shared childcare,U,Not established by the reviewed evidence; not an absence claim.,S054;S055;S085
Google Family,platform,active,CONNECTION BETWEEN HOUSEHOLDS,shared shopping/tasks,U,Not established by the reviewed evidence; not an absence claim.,S054;S055;S085
Google Family,platform,active,CONNECTION BETWEEN HOUSEHOLDS,discovery,U,Not established by the reviewed evidence; not an absence claim.,S054;S055;S085
Google Family,platform,active,CONNECTION BETWEEN HOUSEHOLDS,public/private household profiles,U,Not established by the reviewed evidence; not an absence claim.,S054;S055;S085
Google Family,platform,active,AI / AUTOMATION,AI planning,U,Not established by the reviewed evidence; not an absence claim.,S054;S055;S085
Google Family,platform,active,AI / AUTOMATION,natural-language task creation,U,Not established by the reviewed evidence; not an absence claim.,S054;S055;S085
Google Family,platform,active,AI / AUTOMATION,automatic scheduling,U,Not established by the reviewed evidence; not an absence claim.,S054;S055;S085
Google Family,platform,active,AI / AUTOMATION,recurring rule generation,U,Not established by the reviewed evidence; not an absence claim.,S054;S055;S085
Google Family,platform,active,AI / AUTOMATION,proactive reminders,U,Not established by the reviewed evidence; not an absence claim.,S054;S055;S085
Google Family,platform,active,AI / AUTOMATION,workload balancing,U,Not established by the reviewed evidence; not an absence claim.,S054;S055;S085
Google Family,platform,active,AI / AUTOMATION,meal suggestions,U,Not established by the reviewed evidence; not an absence claim.,S054;S055;S085
Google Family,platform,active,AI / AUTOMATION,shopping suggestions,U,Not established by the reviewed evidence; not an absence claim.,S054;S055;S085
Google Family,platform,active,AI / AUTOMATION,household summaries,U,Not established by the reviewed evidence; not an absence claim.,S054;S055;S085
Google Family,platform,active,AI / AUTOMATION,conflict detection,U,Not established by the reviewed evidence; not an absence claim.,S054;S055;S085
